Unified Title,Grant Link,Agency,Deadline,Reunión Pre Subasta,Acto de Apertura,Tipo de Solicitud,Fecha de Publicación,Estado,Unified Description
Enhanced Surveillance and Control of Endemic and Emerging Arboviruses in Puerto Rico,https://grants.gov/search-results-detail/357922,HHS-CDC-HHSCDCERA,02/28/2025,,,,,,This proposal aims to improve monitoring and control measures for both long-established and newly emerging arboviruses in Puerto Rico to protect public health.
Poison Control Program Competitive Supplement,https://grants.gov/search-results-detail/358299,HHS-HRSA,04/22/2025,,,,,,"This initiative seeks supplemental funding to bolster poison control services, enhancing rapid response and prevention efforts."
State Electronic Crash Data Collection,https://grants.gov/search-results-detail/345645,DOT-NHTSA,no data,,,,,,This project focuses on collecting and analyzing electronic crash data to support improved road safety and transportation planning.
Ryan White HIV/AIDS Program Part B States/Territories Supplemental Grant Program,https://grants.gov/search-results-detail/354778,HHS-HRSA,03/18/2025,,,,,,This grant program provides additional funding to support HIV/AIDS services and improve care outcomes in states and territories.
Senior Medicare Patrol State Project Grants - Michigan,https://grants.gov/search-results-detail/357574,HHS-ACL,03/14/2025,,,,,,This proposal supports state initiatives in Michigan to enhance Medicare fraud prevention and improve program oversight.
National Coordinating Center for Language Access Services,https://grants.gov/search-results-detail/355829,HHS-OPHS,no data,,,,,,This project aims to establish a central hub for coordinating language access services to ensure effective communication across diverse populations.
Promoting Access with a Language Services Assistance Symbol,https://grants.gov/search-results-detail/355830,HHS-OPHS,no data,,,,,,This initiative develops and promotes a standard symbol to signal the availability of language assistance services.
Demonstrations Reducing Dementia Disparities,https://grants.gov/search-results-detail/355824,HHS-OPHS,no data,,,,,,This proposal funds demonstration projects designed to reduce disparities in dementia care and improve health outcomes for affected groups.
Innovative Approaches for Reducing Disparities in Kidney Health,https://grants.gov/search-results-detail/355825,HHS-OPHS,no data,,,,,,"This project supports innovative strategies to address inequities in kidney health, aiming to improve access to care and treatment results."
Pregnancy and Postpartum Hypertension Control Initiative,https://grants.gov/search-results-detail/355831,HHS-OPHS,no data,,,,,,This initiative seeks to improve blood pressure control during and after pregnancy to enhance maternal health and reduce complications.
STARBASE Wright Patt,https://grants.gov/search-results-detail/329806,DOD-AFRL,no data,,,,,,"This proposal supports research and development in aerospace technology through the STARBASE program, fostering innovation and advanced capabilities."
Community Facilities Program Disaster Repair Grants,https://grants.gov/search-results-detail/348870,USDA-RHS,no data,,,,,,"This grant program provides funding to repair and restore community facilities damaged by disasters, promoting community recovery."
Senior Medicare Patrol (SMP) Resource Center,https://grants.gov/search-results-detail/358018,HHS-ACL,no data,,,,,,This initiative establishes a centralized resource center to support and enhance the efforts of the Senior Medicare Patrol in fraud prevention.
SMART FY25 Maintenance and Operation of the Dru Sjodin National Sex Offender Public Website,https://grants.gov/search-results-detail/358083,USDOJ-OJP-SMART,02/24/2025,,,,,,This proposal funds the ongoing maintenance and operation of a national public website that provides updated sex offender information.
State Health Insurance Assistance Program (SHIP) Technical Assistance (TA) Center,https://grants.gov/search-results-detail/357806,HHS-ACL,no data,,,,,,This project aims to create a technical assistance center to support state SHIP programs and improve consumer access to health insurance information.
Veterans Cemetery Grants,https://grants.gov/search-results-detail/358437,VA-NCA,07/01/2025,,,,,,This grant program provides funds for the maintenance and improvement of veterans’ cemeteries to ensure dignified final resting places.
Veterans Affairs Supportive Services for Veteran Families,https://grants.gov/search-results-detail/357788,VA-SSVF,03/03/2025,,,,,,"This initiative offers supportive services to veteran families, enhancing access to resources and improving overall well-being."
FY 2023 Disaster Supplemental,https://grants.gov/search-results-detail/347414,DOC-EDA,no data,,,,,,This supplemental funding proposal addresses emergency response and recovery needs for communities impacted by disasters in FY 2023.
Outdoor Recreation Legacy Partnership Program (ORLP) Recurring Notice 5 Year,https://grants.gov/search-results-detail/357672,DOI-NPS,11/01/2029,,,,,,This program supports long-term partnerships aimed at advancing outdoor recreation projects and preserving natural resources over five years.
Special Technology Development Program,https://grants.gov/search-results-detail/342444,USDA-FS,no data,,,,,,This proposal funds the development of innovative technologies designed to solve specialized challenges across various sectors.
"Homeless Veterans’ Reintegration Program (HVRP), Incarcerated Veterans’ Transition Program (IVTP), and the Homeless Women Veterans' and Homeless Veterans' with Children Reintegration Grant Program (HWVHVWC)",https://grants.gov/search-results-detail/356463,DOL-VETS,03/17/2025,,,,,,This comprehensive initiative supports the reintegration of homeless and transitioning veterans by providing tailored services to improve their stability and access to care.
NIST MEP Disaster Assessment Program,https://grants.gov/search-results-detail/323740,DOC-NIST,no data,,,,,,"This project funds disaster assessment activities through NIST’s Manufacturing Extension Partnership, aiming to enhance preparedness and recovery."
F25AS00099_FY 2025 Competitive State Wildlife Grant (C-SWG) Program_Funding Opportunity Announcement,https://grants.gov/search-results-detail/357128,DOI-FWS,02/25/2025,,,,,,This announcement invites competitive grants to support state wildlife conservation and management initiatives.
High Energy Cost Grants,https://grants.gov/search-results-detail/357929,USDA-RUS,02/28/2025,,,,,,This proposal offers grants to help offset high energy costs in areas facing significant energy affordability challenges.
Calendar Year 2022 Disaster Water Grants,https://grants.gov/search-results-detail/348809,USDA-RUS,no data,,,,,,This initiative provides funds for water infrastructure repair and improvement in communities affected by disasters in 2022.
Scholarships for Disadvantaged Students,https://grants.gov/search-results-detail/355780,HHS-HRSA,02/19/2025,,,,,,"This program awards scholarships to support disadvantaged students, helping improve access to higher education and career opportunities."
F25AS00223 FY 2025 Prescott Marine Mammal Rescue and Response Grant Program,https://grants.gov/search-results-detail/358149,DOI-FWS,03/14/2025,,,,,,"This grant supports rescue and response operations for marine mammals in the Prescott region, enhancing wildlife conservation efforts."
F25AS00184 FY 2025 Cooperative Endangered Species Conservation Fund: Conservation Planning Assistance,https://grants.gov/search-results-detail/357649,DOI-FWS,03/14/2025,,,,,,This proposal funds cooperative planning efforts aimed at conserving endangered species through strategic conservation initiatives.
FY2025 Young Fishermen’s Career Development Projects,https://grants.gov/search-results-detail/357450,DOC-DOCNOAAERA,04/23/2025,,,,,,This initiative provides funding for career development and training programs to support young fishermen and strengthen the fishing industry.
"University Centers for Excellence in Developmental Disabilities Education, Research and Service",https://grants.gov/search-results-detail/355839,HHS-ACL,02/24/2025,,,,,,"This proposal supports the establishment and expansion of university centers dedicated to advancing education, research, and services for developmental disabilities."
National Telehealth Resource Center program,https://grants.gov/search-results-detail/355858,HHS-HRSA,04/14/2025,,,,,,This program provides resources and technical assistance to expand telehealth services and improve access to healthcare across the nation.
Regional Telehealth Resource Centers,https://grants.gov/search-results-detail/355857,HHS-HRSA,04/14/2025,,,,,,This initiative aims to establish regional centers that provide tailored telehealth support and improve local healthcare delivery.
Strengthening Vaccine-Preventable Disease Prevention and Response,https://grants.gov/search-results-detail/355911,HHS-CDC-NCIRD,03/13/2025,,,,,,"This proposal focuses on enhancing strategies to prevent and respond to vaccine-preventable diseases, thereby improving public health."
Community Connect Grant Program,https://grants.gov/search-results-detail/358143,USDA-RUS,04/21/2025,,,,,,"This program funds projects that enhance community connectivity and access to essential services, promoting overall community resilience."
F25AS00228 Candidate Species Conservation Fund,https://grants.gov/search-results-detail/358355,DOI-FWS,09/30/2025,,,,,,"This grant supports conservation efforts for species under consideration for endangered status, aiming to protect biodiversity."
Ryan White HIV/AIDS Program Part F Dental Reimbursement Program (DRP),https://grants.gov/search-results-detail/354781,HHS-HRSA,03/18/2025,,,,,,"This initiative provides funding for dental care reimbursement under the Ryan White HIV/AIDS Program, improving access to essential dental services."
FY2025 ABPP - Preservation Planning Grants,https://grants.gov/search-results-detail/357990,DOI-NPS,03/31/2025,,,,,,This proposal funds planning grants to support the preservation of historic and culturally significant sites.
Public Education for Living Organ Donation Reimbursement Program (PE-LODRP),https://grants.gov/search-results-detail/355748,HHS-HRSA,04/18/2025,,,,,,This program aims to educate the public about living organ donation and facilitate reimbursement for associated expenses.
Living Organ Donation Reimbursement Program (LODRP),https://grants.gov/search-results-detail/355747,HHS-HRSA,04/18/2025,,,,,,"This initiative offers financial reimbursement for living organ donation expenses, encouraging donation and supporting transplant patients."
Rural Residency Planning and Development (RRPD) program,https://grants.gov/search-results-detail/355357,HHS-HRSA,04/10/2025,,,,,,This proposal supports planning and development initiatives to improve residency training programs in rural healthcare settings.
Rural Decentralized Water System Grant Program,https://grants.gov/search-results-detail/357913,USDA-RUS,03/03/2025,,,,,,"This program provides grants to develop or improve decentralized water systems in rural communities, ensuring safe and reliable water supply."
Delta Health Systems Implementation Program,https://grants.gov/search-results-detail/357868,HHS-HRSA,03/20/2025,,,,,,This initiative funds the implementation of improved health systems in the Delta region to enhance healthcare delivery and infrastructure.
Rural Healthcare Provider Transition Project,https://grants.gov/search-results-detail/355365,HHS-HRSA,04/14/2025,,,,,,This proposal supports projects that help rural healthcare providers transition to new technologies and models of care.
Ryan White HIV/AIDS Program (RWHAP) Web-Based Platform for HIV Tools and Resources,https://grants.gov/search-results-detail/354791,HHS-HRSA,03/18/2025,,,,,,This project funds the creation of a web platform that offers tools and resources to support HIV care and program management.
Office of Special Programs (OSEP): Training and Information for Parents of Children with Disabilities: Parent Training and Information Centers CFDA Number 84.328M,https://grants.gov/search-results-detail/357739,ED,03/03/2025,,,,,,This initiative funds training centers to provide essential information and support to parents of children with disabilities.
U.S. Army STEM Education Consortium (ASEC) Cooperative Agreement,https://grants.gov/search-results-detail/358240,DOD-AMC-ACCAPGE,03/14/2025,,,,,,This proposal supports cooperative agreements aimed at enhancing STEM education initiatives within the Army community.
Local Food for Schools and Child Care Cooperative Agreement Program (LFSCC),https://grants.gov/search-results-detail/357532,USDA-AMS,04/30/2025,,,,,,This program provides funding for cooperative agreements to increase access to locally sourced food in schools and child care centers.
"State Apprenticeship Expansion Formula, Round 3 (SAEF3)",https://grants.gov/search-results-detail/358101,DOL-ETA,03/18/2025,,,,,,"This initiative allocates funding to expand state apprenticeship programs, supporting workforce development and skills training."
Local Food Purchase Assistance Cooperative Agreement Program (LFPA25),https://grants.gov/search-results-detail/357448,USDA-AMS,04/30/2025,,,,,,This proposal offers financial assistance for local food purchases to support community food systems and local agriculture.
Bison Production and Marketing Grant Program,https://grants.gov/search-results-detail/358257,USDA-AMS,03/26/2025,,,,,,"This grant program supports bison production and marketing efforts, promoting sustainable livestock practices and rural economic development."
National Center on Child Maltreatment Fatality Data Practices and Reporting,https://grants.gov/search-results-detail/355699,HHS-ACF-CB,03/19/2025,,,,,,This proposal aims to improve data practices and reporting for child maltreatment fatalities to better inform prevention and intervention strategies.
Nursing Workforce Diversity (NWD) Program,https://grants.gov/search-results-detail/355776,HHS-HRSA,03/18/2025,,,,,,"This initiative seeks to enhance diversity in the nursing workforce through targeted recruitment, training, and support initiatives."
Healthy Tomorrows Partnership for Children Program (HTPCP),https://grants.gov/search-results-detail/355629,HHS-HRSA,03/17/2025,,,,,,This program aims to forge partnerships that improve health outcomes for children by expanding access to quality healthcare services.
Behavioral Health Workforce Development Technical Assistance Program,https://grants.gov/search-results-detail/355782,HHS-HRSA,03/03/2025,,,,,,This proposal provides technical assistance and resources to develop a robust behavioral health workforce.
Delta Region Community Health Systems Development Program,https://grants.gov/search-results-detail/355363,HHS-HRSA,03/18/2025,,,,,,This project supports the development and improvement of community health systems in the Delta region to enhance healthcare access.
Rural Communities Opioid Response Program – Pathways,https://grants.gov/search-results-detail/358167,HHS-HRSA,04/14/2025,,,,,,This initiative funds innovative approaches to address opioid challenges in rural communities by establishing clear pathways for intervention.
Rural Communities Opioid Response Program-Overdose Response,https://grants.gov/search-results-detail/355360,HHS-HRSA,03/10/2025,,,,,,This proposal focuses on strategies for effective overdose response in rural areas to reduce opioid-related fatalities.
Public Health Crisis Response Cooperative Agreement,https://grants.gov/search-results-detail/337086,HHS-CDC-OPHPR,02/11/2027,,,,,,"This agreement funds collaborative public health responses to crises, enhancing community resilience and emergency preparedness."
Distance Learning and Telemedicine Grants,https://grants.gov/search-results-detail/358016,USDA-RUS,03/06/2025,,,,,,This initiative supports projects that implement distance learning and telemedicine solutions to improve access to education and healthcare.
USAID/Haiti Financing Climate Resilient Sanitation Systems and Services,https://grants.gov/search-results-detail/338293,USAID-HAI,no data,,,,,,"This project aims to finance the development of climate-resilient sanitation systems in Haiti, enhancing public health and environmental sustainability."
FY2025 NMFS-Sea Grant Fellowship in Population and Ecosystem Dynamics and Marine Resource Economics,https://grants.gov/search-results-detail/357167,DOC-DOCNOAAERA,03/13/2025,,,,,,This fellowship supports research in marine resource economics and ecosystem dynamics to advance sea grant initiatives.
FY25 Ruth D. Gates Coral Reef Conservation Grants - Fishery Management Council Cooperative Agreements,https://grants.gov/search-results-detail/357926,DOC-DOCNOAAERA,02/25/2025,,,,,,This proposal funds cooperative agreements to support coral reef conservation in partnership with fishery management councils.
Rural Health Network Development Planning Program,https://grants.gov/search-results-detail/355367,HHS-HRSA,02/19/2025,,,,,,This program supports planning and development of rural health networks to improve healthcare delivery in underserved areas.
Nurse Faculty Loan Program (NFLP),https://grants.gov/search-results-detail/355774,HHS-HRSA,02/24/2025,,,,,,This initiative provides loan repayment and support for nurse educators to strengthen nursing education programs.
Primary Care Training and Enhancement—Residency Training in Street Medicine (PCTE-RTSM),https://grants.gov/search-results-detail/355781,HHS-HRSA,03/20/2025,,,,,,This proposal enhances residency training in street medicine to improve primary care for underserved populations.
Rural Communities Opioid Response Program – Northern Border Rural Workforce,https://grants.gov/search-results-detail/358145,HHS-HRSA,04/11/2025,,,,,,This project aims to build a skilled rural workforce to address opioid-related challenges along the northern border.
Rural Residency Planning and Development Technical Assistance (RRPD-TA) Program,https://grants.gov/search-results-detail/355375,HHS-HRSA,03/18/2025,,,,,,This initiative provides technical assistance for improving residency planning and development in rural healthcare settings.
NIST MEP Competitive Awards Program,https://grants.gov/search-results-detail/330597,DOC-NIST,no data,,,,,,This program awards competitive grants to drive innovation and excellence in manufacturing through NIST’s Manufacturing Extension Partnership.
"FY 2024 – 2026 Broad Agency Announcement (BAA), Office of Oceanic and Atmospheric Research (OAR)",https://grants.gov/search-results-detail/356669,DOC-DOCNOAAERA,09/30/2026,,,,,,This announcement invites proposals for research in oceanic and atmospheric sciences to support long-term environmental studies over multiple years.
FY 2024 – 2026 - Broad Agency Announcement (BAA) Announcement Type: Initial,https://grants.gov/search-results-detail/356127,DOC-DOCNOAAERA,09/30/2026,,,,,,This initial announcement seeks broad research proposals in oceanic and atmospheric sciences as part of a multi-year funding cycle.
Connecting Kids to Coverage Outreach and Enrollment Cooperative Agreements (CKC) 2025,https://grants.gov/search-results-detail/357700,HHS-CMS,03/07/2025,,,,,,This initiative funds cooperative agreements designed to improve outreach and enrollment in health coverage for children.
Maternal and Child Health Research Consortium (MCH RC),https://grants.gov/search-results-detail/355630,HHS-HRSA,04/23/2025,,,,,,"This proposal supports a consortium dedicated to advancing research, education, and services in maternal and child health."
Street Medicine Interventions for People with HIV who are Unsheltered - Demonstration Sites,https://grants.gov/search-results-detail/354785,HHS-HRSA,03/11/2025,,,,,,This project funds demonstration sites to test street medicine interventions for unsheltered individuals living with HIV.
Ryan White HIV/AIDS Program Part C Capacity Development Program,https://grants.gov/search-results-detail/354779,HHS-HRSA,03/18/2025,,,,,,This initiative supports capacity development efforts to enhance HIV/AIDS service delivery and program management.
"Sea Grant Programs Only - FY2025 Aquaculture Legal, Regulatory, and Policy Grants",https://grants.gov/search-results-detail/357311,DOC-DOCNOAAERA,02/26/2025,,,,,,"This proposal funds legal, regulatory, and policy research grants to support the aquaculture industry under Sea Grant programs."
Telehealth Research Center,https://grants.gov/search-results-detail/355860,HHS-HRSA,04/15/2025,,,,,,This project supports research into telehealth technologies and practices to enhance remote healthcare delivery.
Telehealth Rapid Response Center,https://grants.gov/search-results-detail/355859,HHS-HRSA,04/15/2025,,,,,,This initiative funds the establishment of a rapid response center to boost telehealth services during emergencies.
Rural Program of All-Inclusive Care for the Elderly (PACE) Planning and Development,https://grants.gov/search-results-detail/358301,HHS-HRSA,04/17/2025,,,,,,This proposal supports planning and development of comprehensive care programs for the elderly in rural communities.
Autism Research Consortium (Autism RC),https://grants.gov/search-results-detail/355631,HHS-HRSA,04/23/2025,,,,,,This initiative funds collaborative research efforts to advance understanding and interventions for autism spectrum disorders.
Improving Mental Health and Engagement in Care Among People with HIV — Implementation Technical Assistance Provider,https://grants.gov/search-results-detail/354787,HHS-HRSA,03/18/2025,,,,,,This proposal provides technical assistance to implement strategies that improve mental health and engagement in care for people with HIV.
Improving Mental Health and Engagement in Care Among People with HIV — Evaluation Provider,https://grants.gov/search-results-detail/354788,HHS-HRSA,03/18/2025,,,,,,This initiative funds evaluation services to assess the effectiveness of mental health and care engagement interventions for people with HIV.
Addressing Stigma to End the HIV Epidemic in the U.S.,https://grants.gov/search-results-detail/354789,HHS-HRSA,03/18/2025,,,,,,"This proposal focuses on strategies to reduce stigma around HIV, thereby improving public awareness and health outcomes."
Cell and Gene Therapy (CGT) Access Model,https://grants.gov/search-results-detail/354875,HHS-CMS,03/14/2025,,,,,,This project aims to develop models that improve patient access to advanced cell and gene therapies.
Office of Elementary & Secondary Education; Overview Information: Race to the Top Fund (ARRA) CFDA 84.395,https://grants.gov/search-results-detail/49325,ED,no data,,,,,,This initiative provides funding to promote innovation and excellence in elementary and secondary education through the Race to the Top Fund.
Sea Grant Programs Only - FY2025 Establishing and Supporting Partnerships with Minority Serving Institutions (MSIs) in Aquaculture: Regional Collaboratives,https://grants.gov/search-results-detail/356917,DOC-DOCNOAAERA,03/19/2025,,,,,,This proposal supports partnerships between Sea Grant programs and minority-serving institutions to advance aquaculture research and education.
Rural Business Development Grant Program,https://grants.gov/search-results-detail/356757,USDA-RBCS,02/28/2025,,,,,,"This program provides grants to support business development in rural areas, stimulating local economic growth and job creation."
National Human Trafficking Hotline (NHTH),https://grants.gov/search-results-detail/355255,HHS-ACF-OTIP,05/02/2025,,,,,,This initiative supports enhancements to the National Human Trafficking Hotline to improve victim support and response services.
Autism Secondary Data Analysis Research (Autism SDAR),https://grants.gov/search-results-detail/355634,HHS-HRSA,02/25/2025,,,,,,This proposal funds secondary data analysis to further understanding of autism and inform effective interventions.
Maternal and Child Health Secondary Data Analysis Research (MCH SDAR),https://grants.gov/search-results-detail/355633,HHS-HRSA,02/25/2025,,,,,,This project supports secondary data analysis research to generate insights for improving maternal and child health policies and practices.
Addiction Medicine Fellowship Program,https://grants.gov/search-results-detail/355773,HHS-HRSA,02/28/2025,,,,,,"This initiative offers fellowship opportunities to train healthcare professionals in addiction medicine, addressing substance use disorders."
Behavioral Health Workforce Education and Training Program for Paraprofessionals,https://grants.gov/search-results-detail/355770,HHS-HRSA,03/18/2025,,,,,,This proposal supports education and training programs designed to prepare paraprofessionals for roles in behavioral health services.
NRL Long Range Broad Agency Announcement (BAA) for Basic and Applied Research,https://grants.gov/search-results-detail/352741,DOD-ONR-NRL,02/28/2025,,,,,,"This proposal invites research proposals for basic and applied research in naval science, supporting long-range planning and technological innovation for the Navy."
"Coastal Habitat Restoration and Resilience Grants for Tribes and Underserved Communities, Under the BIL Round 3",https://grants.gov/search-results-detail/357707,DOC-DOCNOAAERA,05/12/2025,,,,,,This grant program aims to restore coastal habitats and build resilience in tribes and underserved communities through targeted funding under the Bipartisan Infrastructure Law.
Long Range Broad Agency Announcement (BAA) for NSWC Crane,https://grants.gov/search-results-detail/352238,DOD-ONR-SEA-CRANE,no data,,,,,,"This announcement solicits proposals for research and development projects at NSWC Crane, focusing on innovative solutions for naval and marine challenges."
Rural Maternity and Obstetrics Management Strategies Program (Rural MOMS),https://grants.gov/search-results-detail/355371,HHS-HRSA,04/22/2025,,,,,,"This initiative supports strategies to improve maternity and obstetrics management in rural areas, enhancing care for expectant and postpartum mothers."
Street Medicine Interventions for People with HIV who are Unsheltered – Capacity Builder Provider (HRSA-25-055) and Street Medicine Interventions for People with HIV who are Unsheltered – Evaluation Provider (HRSA-25-057),https://grants.gov/search-results-detail/354784,HHS-HRSA,03/11/2025,,,,,,This proposal supports both capacity building and evaluation of street medicine interventions for unsheltered people with HIV to improve access to healthcare.
Street Medicine Interventions for People with HIV who are Unsheltered – Capacity Builder Provider (HRSA-25-055) and Street Medicine Interventions for People with HIV who are Unsheltered – Evaluation Provider (HRSA-25-057),https://grants.gov/search-results-detail/354786,HHS-HRSA,03/11/2025,,,,,,This proposal supports both capacity building and evaluation of street medicine interventions for unsheltered people with HIV to improve access to healthcare.
Environmental System Science (ESS),https://grants.gov/search-results-detail/356977,PAMS-SC,03/13/2025,,,,,,This proposal supports research in environmental system science to enhance our understanding of complex environmental processes.
FY 2023 EDA Public Works and Economic Adjustment Assistance Programs,https://grants.gov/search-results-detail/346815,DOC-EDA,no data,,,,,,This initiative funds public works and economic adjustment assistance to support community recovery and economic development in areas facing challenges.
Regional Resiliency & Vulnerability Assessments for Ocean and Coastal Acidification (RVA OA25),https://grants.gov/search-results-detail/356454,DOC-DOCNOAAERA,03/05/2025,,,,,,"This proposal funds assessments to evaluate regional resiliency and vulnerability to ocean and coastal acidification, guiding mitigation strategies."
NOAA's Transformational Habitat Restoration and Coastal Resilience Grants Under the Bipartisan Infrastructure Law Round 3,https://grants.gov/search-results-detail/357559,DOC-DOCNOAAERA,04/16/2025,,,,,,This grant program supports transformational habitat restoration and coastal resilience projects under the Bipartisan Infrastructure Law.
FY25 Long Range Broad Agency Announcement (BAA) for Navy and Marine Corps Science and Technology,https://grants.gov/search-results-detail/356605,DOD-ONR,09/30/2025,,,,,,This announcement invites proposals for innovative science and technology research to support long-range objectives for the Navy and Marine Corps.
Small Business Innovation Research Program (SBIR) Phase II,https://grants.gov/search-results-detail/355623,HHS-ACL,03/10/2025,,,,,,This program provides Phase II funding to small businesses to advance innovative research and development projects across various fields.
National Leadership Grants for Libraries (2025),https://grants.gov/search-results-detail/355178,IMLS,03/10/2025,,,,,,"This initiative funds leadership grants to support libraries in enhancing services, promoting innovation, and engaging their communities."
Laura Bush 21st Century Librarian Program (2025),https://grants.gov/search-results-detail/355176,IMLS,03/10/2025,,,,,,This proposal supports initiatives to modernize librarian training and equip libraries with 21st-century skills.
Request for Information- Building Resilience amongst Families affected with HIV Activity,https://grants.gov/search-results-detail/337733,USAID-DOM,no data,,,,,,"This RFI seeks input to develop strategies for building resilience among families affected by HIV, informing future support programs."
RFI - Regional Support for Post-Pandemic Equitable Education,https://grants.gov/search-results-detail/350417,USAID,no data,,,,,,This request for information gathers proposals to support regional initiatives for equitable education in the post-pandemic era.
Energy Improvements in Rural or Remote Areas – Fiscal Year 2025 Release,https://grants.gov/search-results-detail/356630,DOE-01,08/28/2025,,,,,,This proposal funds projects aimed at improving energy infrastructure in rural or remote areas to reduce costs and increase efficiency.
Office of Naval Research Science and Technology for Advanced Manufacturing Projects (STAMP),https://grants.gov/search-results-detail/353296,DOD-ONR,03/31/2025,,,,,,This initiative supports advanced manufacturing research projects that leverage innovative science and technology for naval applications.
Measurement Science and Engineering (MSE) Research Grant Programs,https://grants.gov/search-results-detail/352807,DOC-NIST,03/05/2026,,,,,,This program funds research grants in measurement science and engineering to drive innovation in both basic and applied research.
USAID/Colombia Energy for Peace (E4P) - Energy Transition for PDETs,https://grants.gov/search-results-detail/345208,USAID-COL,no data,,,,,,"This proposal supports projects that facilitate an energy transition in Colombia, promoting sustainable development and peace."
BIL - Carbon Utilization Procurement Grants under Bipartisan Infrastructure Law Section 40302,https://grants.gov/search-results-detail/349523,DOE-NETL,04/30/2025,,,,,,This grant program funds projects that promote carbon utilization to reduce greenhouse gas emissions under the Bipartisan Infrastructure Law.
FY 2025 Phase I Release 2,https://grants.gov/search-results-detail/357928,PAMS-SC,02/26/2025,,,,,,"This release invites proposals for Phase I research projects in FY 2025, emphasizing innovative approaches and early-stage development."
APS-OAA-21-00001 Addendum USAID/Guatemala,https://grants.gov/search-results-detail/345755,USAID-GUA,no data,,,,,,"This addendum updates funding opportunities for USAID projects in Guatemala, addressing emerging development challenges."
Inflation Reduction Act - Transmission Siting and Economic Development Program,https://grants.gov/search-results-detail/350022,DOE-NETL,06/30/2025,,,,,,"This proposal funds projects related to transmission siting and economic development, supporting infrastructure improvements under the Inflation Reduction Act."
"Request for Information Economic Growth, Investment and Trade Project",https://grants.gov/search-results-detail/338314,USAID-GUA,no data,,,,,,"This RFI seeks proposals that promote economic growth, investment, and trade to foster a dynamic economic environment."
"Higher Education for Leadership, Innovation, and Exchange (HELIX), A New Partnerships Initiative (NPI)",https://grants.gov/search-results-detail/326056,USAID,04/02/2025,,,,,,"This initiative supports new partnerships in higher education to foster leadership, innovation, and international exchange."
High-Energy-Density Laboratory Plasma Science,https://grants.gov/search-results-detail/358260,PAMS-SC,03/27/2025,,,,,,This proposal funds research in high-energy-density plasma science to advance laboratory experiments and theoretical studies.
Nuclear Data Interagency Working Group (NDIAWG) Research Program,https://grants.gov/search-results-detail/357452,PAMS-SC,03/03/2025,,,,,,"This program supports collaborative research to enhance nuclear data collection, analysis, and sharing across multiple agencies."
Atmospheric System Research (ASR),https://grants.gov/search-results-detail/356957,PAMS-SC,02/27/2025,,,,,,This initiative funds research in atmospheric science to improve weather prediction and advance our understanding of climate dynamics.
Scientific Discovery through Computing (SCiDAC): Partnerships in Basic Energy Sciences,https://grants.gov/search-results-detail/358270,PAMS-SC,04/25/2025,,,,,,"This program supports partnerships in basic energy sciences through advanced computing, driving scientific discovery and innovation."
Research in Basic Plasma Science and Engineering,https://grants.gov/search-results-detail/358199,PAMS-SC,04/04/2025,,,,,,This proposal funds fundamental research in plasma science and engineering to advance both theoretical knowledge and practical applications.
EXPRESS:2025 Exploratory Research for Extreme-Scale Science,https://grants.gov/search-results-detail/358344,PAMS-SC,05/06/2025,,,,,,This initiative invites exploratory research proposals to address extreme-scale scientific challenges with innovative approaches.
Systems Biology Research to Advance Bioenergy Crop Production,https://grants.gov/search-results-detail/357662,PAMS-SC,03/26/2025,,,,,,This proposal supports systems biology research to optimize bioenergy crop production and enhance agricultural sustainability.
"Research, Development, and Training in Isotope Production",https://grants.gov/search-results-detail/358300,PAMS-SC,04/17/2025,,,,,,"This program funds research, development, and training initiatives focused on the production of medical and industrial isotopes."
Resilience Centers,https://grants.gov/search-results-detail/356896,PAMS-SC,02/27/2025,,,,,,This initiative funds the establishment of centers dedicated to enhancing community and infrastructure resilience.
Genomics - Enabled Understanding and Advancing Knowledge on Plant Gene Function(s),https://grants.gov/search-results-detail/356709,PAMS-SC,02/19/2025,,,,,,This proposal supports research leveraging genomics to advance knowledge on plant gene functions and promote agricultural innovation.
Request for public comment on Draft Strategy to Engage Indigenous Peoples Peru/SAR,https://grants.gov/search-results-detail/345440,USAID-PER,no data,,,,,,This RFI seeks public feedback on a draft strategy aimed at enhancing engagement with Indigenous peoples in Peru.
Fiscal Year 2025 National Environmental Information Exchange Network Grant Program Solicitation Notice,https://grants.gov/search-results-detail/358164,EPA,03/24/2025,,,,,,This solicitation notice invites proposals to improve the national environmental information exchange network for better data sharing and decision-making.
Private Facility Research Program,https://grants.gov/search-results-detail/358072,PAMS-SC,04/23/2025,,,,,,"This proposal supports research projects conducted in private facilities, aiming to advance scientific innovation and discovery."
NUCLEAR SCIENCE AND ENGINEERING CONSORTIUM FOR NONPROLIFERATION,https://grants.gov/search-results-detail/357982,DOE-NNSA,04/04/2025,,,,,,This initiative supports a consortium that advances nuclear science and engineering research to enhance nonproliferation efforts.
Early Career Research Program,https://grants.gov/search-results-detail/358302,PAMS-SC,04/22/2025,,,,,,This program provides funding for early career researchers to pursue innovative projects across various scientific disciplines.
FY 2025 Continuation of Solicitation for the Office of Science Financial Assistance Program,https://grants.gov/search-results-detail/356590,PAMS-SC,09/30/2025,,,,,,"This continuation solicits proposals for financial assistance to support research in basic and applied sciences, ensuring continued innovation."
Feed the Future Connecting Value Chains in the Verapaces,https://grants.gov/search-results-detail/344875,USAID-GUA,no data,,,,,,"This proposal aims to strengthen local food systems by connecting value chains in the Verapaces, boosting economic opportunities."
"Pioneering Aerospace Capabilities, Engineering and Research (PACER)",https://grants.gov/search-results-detail/349554,DOD-AFRL,05/10/2043,,,,,,This initiative funds groundbreaking aerospace research and engineering projects to drive innovation and enhance national capabilities.
EXPANDING PARTNERSHIPS AND ADVANCING LOCALIZATION (EPAL),https://grants.gov/search-results-detail/340428,USAID-HON,05/15/2025,,,,,,"This proposal supports efforts to expand partnerships and promote localization in various sectors, driving sustainable development."
SUBASTA FORMAL,,,,"Feb. 18, 2025  11 a.m.","March 4, 2025  4 p.m.",,,,Adquisición de Cuatro (4) Retro Excavadora (Digger) para el Departamento de Recursos Naturales y Ambientales del Gobierno de Puerto Rico
SUBASTA FORMAL,,,,"Feb. 5, 2025  11 a.m.","March 4, 2025  3 p.m.",,,,PARA LA REPARACIÓN DE LAS FACILIDADES DE LA RESERVA NATURAL LAGUNA TORTUGUERO DEL DEPARTAMENTO DE RECURSOS NATURALES Y AMBIENTALES DEL GOBIERNO DE PUERTO RICO
REQUEST FOR PROPOSAL,,,,"Feb. 6, 2025  10 a.m.","Feb. 26, 2025  10 a.m.",,,,"PARA FORMALIZAR CONTRATO DE SELECCIÓN MÚLTIPLE PARA LA ADQUISICIÓN DE LUMINARIAS LED PARA LAS ENTIDADES GUBERNAMENTALES, ENTIDADES EXENTAS Y MUNICIPIOS DEL GOBIERNO DE PUERTO RICO"
SUBASTA FORMAL,,,,"Feb. 18, 2025  10:30 a.m.","April 3, 2025  10:30 a.m.",,,,"REPARACIONES Y MEJORAS DE EDIFICIOS INDUSTRIALES DE LA COMPAÑÍA DE FOMENTO INDUSTRIAL PARA LOS PW(S): 8753 Y 9018 EN LOS MUNICIPIOS DE SALINAS, SANTA ISABEL Y ARROYO"
SUBASTA FORMAL,,,,"Feb. 18, 2025  10 a.m.","April 9, 2025  10:30 a.m.",,,,"REPARACIONES Y MEJORAS DE EDIFICIOS INDUSTRIALES DE LA COMPAÑÍA DE FOMENTO INDUSTRIAL PARA LOS PW(S): 7936 Y 7858 EN LOS MUNICIPIOS DE JUANA DIAZ, AIBONITO, COAMO, LAS PIEDRAS Y MAUNABO"
SUBASTA INFORMAL,,,,"Feb. 3, 2025  2 p.m.","Feb. 27, 2025  2 p.m.",,,,"SERVICIO DE PINTURA, LAVADO A PRESIÓN Y REPARACIÓN DE PAREDES PARA EL AVIATION HANGAR LINDBERGH ST. ISLA GRANDE   DE LA GUARDIA NACIONAL DEL GOBIERNO DE PUERTO RICO"
SUBASTA FORMAL,,,,"Feb. 4, 2025  2:30 p.m.","Feb. 24, 2025  11 a.m.",,,,PARA LA CONSTRUCCIÓN DE UN CUARTO REFRIGERADOR (WALK-IN FREEZER) EN EL CAMPAMENTO SANTIAGO DE LA GUARDIA NACIONAL DE PUERTO RICO
REQUEST FOR PROPOSAL,,,,"Jan. 30, 2025  11 a.m.","Feb. 25, 2025  10:30 a.m.",,,,TO ESTABLISH A CONTRACT FOR WIC ELECTRONIC BENEFIT TRANSFER (EBT) PROGRAM FOR THE GOVERNMENT OF PUERTO RICO
SUBASTA FORMAL,,,,"Feb. 4, 2025  11 a.m.","Feb. 28, 2025  10 a.m.",,,,PARA LA FORMALIZACIÓN DE CONTRATO DE MANTENIMIENTO PREVENTIVO PARA LOS EQUIPOS Y FACILIDADES DEL EDIFICIO DE LA JUNTA REGLAMENTADORA DE SERVICIO PÚBLICO DEL GOBIERNO DE PUERTO RICO
SUBASTA FORMAL,,,,"Feb. 4, 2025  10 a.m.","March 26, 2025  10 a.m.",,,,"PARA REALIZAR MEJORAS A LAS FACILIDADES DEPORTIVAS DE LA BASE RAMEY EN EL MUNICIPO DE AGUADILLA, ADSCRITO AL DEPARTAMENTO DE RECREACIÓN Y DEPORTES DEL GOBIERNO DE PUERTO RICO"
SUBASTA INFORMAL,,,,"Jan. 28, 2025  11 a.m.","Feb. 12, 2025  11 a.m.",,,,PARA LA REPARACIÓN DE LAS FACILIDADES DEL BOSQUE ESTATAL DE VEGA DEL DEPARTAMENTO DE RECURSOS NATURALES Y AMBIENTALES DEL GOBIERNO DE PUERTO RICO.
SUBASTA INFORMAL,,,,"Jan. 27, 2024  9:30 a.m.","Feb. 24, 2024  10 a.m.",,,,"FORMALIZAR CONTRATO(S) PARA LA ADQUISICIÓN DE LOS SERVICIOS DE MANTENIMIENTO DE ÁREAS VERDES Y LIMPIEZA PARA LA RUTA#9 ZONA SUR QUE COMPRENDEN LOS PUEBLOS DE AIBONITO, ARROYO, COAMO, PATILLAS, SALINAS Y SANTA ISABEL DE LAS PROPIEDADES DE LA COMPAÑÍA DE FO"
SUBASTA FORMAL,,,,"March 4, 2025  10 a.m.","March 25, 2025  10 a.m.",,,,"REPARACIONES Y MEJORAS DE EDIFICIOS INDUSTRIALES DE LA COMPAÑÍA DE FOMENTO INDUSTRIAL, UBICADOS EN EL MUNICIPIO DE PONCE, PARA EL PW-8287"
SUBASTA FORMAL,,,,"Jan. 24, 2025  11 a.m.","Feb. 12, 2025  1:30 p.m.",,,,​PARA ADQUIRIR E INSTALAR UN LABORATORIO MODULAR PARA AUMENTAR LA CAPACIDAD DE RECIBIDO Y PROCESAMIENTO DE PRUEBAS PARA TODAS LAS AMENAZAS (ALL-HAZARDS LRN) EN EL LABORATORIO DE EMERGENCIAS BIOLÓGICAS Y QUÍMICAS DEL DEPARTAMENTO DE SALUD DEL GOBIERNO DE P
REQUEST FOR PROPOSAL,,,,"Jan. 29, 2025  9 a.m.","Feb. 26, 2025  9 a.m.",,,,"PARA FORMALIZAR UN CONTRATO DE SELECCIÓN MÚLTIPLE PARA EL VACÍADO Y MANTENIMIENTO DE POZOS SÉPTICOS Y TRAMPAS DE GRASA PARA LAS ENTIDADES GUBERNAMENTALES, ENTIDADES EXENTAS Y MUNICIPIOS DEL GOBIERNO DE PUERTO RICO"
SUBASTA FORMAL,,,,"Jan. 21, 2025  1:30 p.m.","Feb. 12, 2025  11:30 a.m.",,,,PARA LA ADQUISICIÓN DE UNIDADES MÓVILES PARA LA ADMINISTRACIÓN DE SERVICIOS DE SALUD MENTAL Y CONTRA LA ADICCIÓN (ASSMCA) DEL GOBIERNO DE PUERTO RICO
SUBASTA FORMAL,,,,"Jan. 21, 2025  3:30 p.m.","Feb. 5, 2025  10 a.m.",,,,PARA ESTABLECER CONTRATO PARA LA ADQUISICIÓN DE PAPEL DE SEGURIDAD PARA BILLETES DEL NEGOCIADO DE LA LOTERÍA ADSCRITO AL DEPARTAMENTO DE HACIENDA  DEL GOBIERNO DE PUERTO RICO
SUBASTA FORMAL,,,,"Jan. 17, 2025  2 p.m.","Feb. 11, 2025  2 p.m.",,,,PARA LA ADQUISICIÓN E INSTALACIÓN DE EXTRACTORES EN ÁREA COMUNES DE LAS VIVIENDAS Y ACONDICIONADORES DE AIRES EN CUARTOS DE DATA CONTROL DE LOS PORTONES EN LA INSTITUCIÓN CORRECCIONAL DE BAYAMÓN  705 DEL DEPARTAMENTO DE CORRECCIÓN Y REHABILITACIÓN DEL GOB
SUBASTA INFORMAL,,,,"Jan. 21, 2025  9 a.m.","Feb. 6, 2025  9 a.m.",,,,REPARACIÓN Y MODERNIZACIÓN DEL ELEVADOR DEL DEPARTAMENTO DE AGRICULTURA OFICINA CENTRAL DEL GOBIERNO DE PUERTO RICO
SUBASTA INFORMAL,,,,"Jan. 21, 2025  10 a.m.","Feb. 7, 2025  10 a.m.",,,,TRABAJOS DE MEJORAS A LA PLANTA FÍSICA EN EL CENTRO PEDIÁTRICO METROPOLITANO DE LA SECCIÓN DE NIÑOS CON NECESIDADES MÉDICAS ESPECIALES DEL DEPARTAMENTO DE SALUD DEL GOBIERNO DE PUERTO RICO
SUBASTA FORMAL,,,,"Feb. 11, 2025  10 a.m.","March 12, 2025  10:30 a.m.",,,,"REPARACIONES Y MEJORAS DE EDIFICIOS INDUSTRIALES DE LA COMPAÑÍA DE FOMENTO INDUSTRIAL PARA LOS PW(S): 7850 Y 8520 EN EL MUNICIPIO DE BARRANQUITAS, OROCOVIS, ISABELA Y LARES"
SUBASTA FORMAL,,,,"Jan. 21, 2025  3 p.m.","Feb. 12, 2025  10:30 a.m.",,,,"REPARACIONES Y MEJORAS DE EDIFICIOS INDUSTRIALES DE LA COMPAÑÍA DE FOMENTO INDUSTRIAL PARA LOS PW(S): 8315 Y 8172 EN LOS MUNICIPIOS DE MOROVIS, CIALES Y SANTA ISABEL"
SUBASTA FORMAL,,,,"Jan. 28, 2025  3 p.m.","Feb. 19, 2025  4 p.m.",,,,REPARACIONES Y MEJORAS DE EDIFICIOS INDUSTRIALES DE LA COMPAÑÍA DE FOMENTO INDUSTRIAL PARA EL PW-8023 EN EL MUNICIPIO DE MAYAGÜEZ
SUBASTA FORMAL,,,,"Jan. 28, 2025  11 a.m.","Feb. 19, 2025  3 p.m.",,,,REPARACIONES Y MEJORAS DE EDIFICIOS INDUSTRIALES DE LA COMPAÑÍA DE FOMENTO INDUSTRIAL PARA LOS PW 8235 Y 9084 PARA LOS MUNICIPIOS DE MAYAGUEZ Y SABANA GRANDE
SUBASTA FORMAL,,,,"Jan. 28, 2025  10:30 a.m.","Feb. 19, 2025  10:30 a.m.",,,,REPARACIONES Y MEJORAS A EDIFICIOS INDUSTRIALES DE LA COMPAÑÍA DE FOMENTO INDUSTRIAL PARA EL PW 7645 EN EL MUNICIPIO DE GUÁNICA
SUBASTA INFORMAL,,,,"Jan. 16, 2024  9 a.m.","Jan. 31, 2024  9:30 a.m.",,,,ADQUISICIÓN DE VAGÓN PARA LA FINCA GABIA ADSCRITA AL CUERPO DE VIGILANTES DEL DEPARTAMENTO DE RECURSOS NATURALES Y AMBIENTALES DEL GOBIERNO DE PUERTO RICO
REQUEST FOR PROPOSAL,,,,"Jan. 14, 2025  9:30 a.m.","Feb. 12, 2025  9 a.m.",,,,"PARA FORMALIZAR UN CONTRATO DE SELECCIÓN MULTIPLE PARA LA ADQUISICIÓN DE ESPEJUELOS PARA LAS ENTIDADES GUBERNAMENTALES, ENTIDADES EXENTAS Y MUNICIPIOS DEL GOBIERNO DE PUERTO RICO."
SUBASTA FORMAL,,,,"Jan. 9, 2025  11 a.m.","Jan. 29, 2025  2 p.m.",,,,"PARA REALIZAR LA SEGUNDA FASE DE LAS MEJORAS PERMANENTES DE LA VILLA PESQUERA EL MANI EN MAYAGUEZ, ADSCRITA AL DEPARTAMENTO DE AGRICULTURA DEL GOBIERNO DE PUERTO RICO"
REQUEST FOR PROPOSAL,,,,"Jan. 15, 2025  9:30 a.m.","Feb. 11, 2024  1 p.m.",,,,"PARA FORMALIZAR UN CONTRATO DE SELECCIÓN MÚLTIPLE PARA LA ADQUISICIÓN Y/O RENTA DE ENFRIADORES DE AGUA PARA LAS ENTIDADES GUBERNAMENTALES, ENTIDADES EXENTAS Y MUNICIPIOS DEL GOBIERNO DE PUERTO RICO"
SUBASTA INFORMAL,,,,"Jan. 8, 2025  9 a.m.","Jan. 27, 2025  9:30 a.m.",,,,ADQUISICIÓN E INSTALACIÓN DE PANTALLAS DIGITALES PARA INTERIOR Y EXTERIOR DE LOS TEATROS FRANCISCO ARRIVÍ Y VICTORIA ESPINOSA ADSCRITOS AL INSTITUTO DE CULTURA PUERTORRIQUEÑA DEL GOBIERNO DE PUERTO RICO
SUBASTA FORMAL,,,,"Jan. 13, 2025  10:30 a.m.","Feb. 11, 2025  3 p.m.",,,,"REPARACIONES Y MEJORAS A EDIFICIOS INDUSTRIALES DE LA COMPAÑÍA DE FOMENTO INDUSTRIAL PARA LOS PW(S)-7983 Y 7870 PARA LOS MUNICIPIOS DE VEGA ALTA,  VEGA BAJA E ISABELA"
SUBASTA FORMAL,,,,"Jan. 13, 2025  3:30 p.m.","Jan. 29, 2025  3 p.m.",,,,REPARACIONES Y MEJORAS DE EDIFICIOS INDUSTRIALES DE LA COMPAÑÍA DE FOMENTO INDUSTRIAL PARA EL PW-9125.
SUBASTA FORMAL,,,,"Dec. 30, 2024  10:30 a.m.","Feb. 11, 2025  11 a.m.",,,,"REPARACIONES Y MEJORAS DE EDIFICIOS INDUSTRIALES DE LA COMPAÑÍA DE FOMENTO INDUSTRIAL PARA LOS PW(S): 7822, PW-7853 Y PW-7868 EN LOS MUNICIPIOS DE CABO ROJO, HORMIGUEROS, AGUADILLA Y MOCA"
SUBASTA FORMAL,,,,"Dec. 30, 2024  11 a.m.","Feb. 11, 2025  10:30 a.m.",,,,"REPARACIONES Y MEJORAS DE EDIFICIOS INDUSTRIALES DE LA COMPAÑÍA DE FOMENTO INDUSTRIAL PARA LOS PW-7844, 8058 & 8098 EN LOS MUNICIPIOS DE LAJAS,  CABO ROJO Y SAN SEBASTIÁN"
SUBASTA FORMAL,,,,"Dec. 30, 2024  10 a.m.","Jan. 29, 2025  4 p.m.",,,,REPARACIONES Y MEJORAS DE EDIFICIOS INDUSTRIALES DE LA COMPAÑÍA DE FOMENTO INDUSTRIAL PARA EL PW-8644 EN EL MUNICIPIO DE HATILLO​​
SUBASTA FORMAL,,,,"Dec. 26, 2024  3:30 p.m.","Jan. 29, 2025  10:30 a.m.",,,,REPARACIONES Y MEJORAS DE EDIFICIOS INDUSTRIALES DE LA COMPAÑÍA DE FOMENTO INDUSTRIAL PARA LOS PW-8220 y 8307 EN LOS MUNICIPIOS DE FLORIDA Y CAMUY
SUBASTA INFORMAL,,,,"Jan. 14, 2025  10 a.m.","Feb. 4, 2025  9:30 a.m.",,,,SERVICIO DE REMPLAZO EN LINEAS SANITARIA EN COAMO REDINESS CENTER (RC) EN COAMO PARA LA GUARDIA NACIONAL  DEL GOBIERNO DE PUERTO RICO
SUBASTA FORMAL,,,,"Dec. 26, 2024  10:30 a.m.","Jan. 21, 2025  10:30 a.m.",,,,REPARACIONES Y MEJORAS DE EDIFICIOS INDUSTRIALES DE LA COMPAÑÍA DE FOMENTO INDUSTRIAL PARA EL PW-7412 (TRUJILLO ALTO)
SUBASTA FORMAL,,,,"Dec. 18, 2024  9 a.m.","Jan. 28, 2025  10 a.m.",,,,"PARA ADQUIRIR SERVICIOS PARA LA LIMPIEZA DEL SISTEMA DE ALCANTARILLADO PLUVIAL DE LAS CARRETERAS CON ASIGNACIÓN DE FONDOS NO FEDERAL PARA TODAS LAS ENTIDADES GUBERNAMENTALES, ENTIDADES EXENTAS Y MUNICIPIOS DEL GOBIERNO DE PUERTO RICO"
SUBASTA FORMAL,,,,"Dec. 17, 2024  2:30 p.m.","Jan. 13, 2025  2:30 p.m.",,,,PARA REPARACIONES Y MEJORAS CORRESPONDIENTES AL PW 8329 EN EDIFICIOS INDUSTRIALES EN MAYAGUEZ DE LA COMPAÑIA DE FOMENTO INDUSTRIAL DEL GOBIERNO DE PUERTO RICO
SUBASTA FORMAL,,,,"Dec. 17, 2024  1:30 p.m.","Jan. 17, 2025  10:30 a.m.",,,,CONSTRUCCION DE ALMACEN PARA EL MANEJO DE EMERGENCIAS DEL DEPARTAMENTO DE LA VIVIENDA DEL GOBIERNO DE PUERTO RICO
SUBASTA FORMAL,,,,"Dec. 16, 2024  11 a.m.","Jan. 24, 2025  10 a.m.",,,,PARA MEJORAS A LAS FACILIDADES DEPORTIVAS EL SEÑORIAL EN SAN JUAN DEL DEPARTAMENTO DE RECREACION Y DEPORTES DEL GOBIERNO DE PUERTO RICO
SUBASTA FORMAL,,,,"Dec. 16, 2024  1:30 p.m.","Jan. 8, 2025  2:30 p.m.",,,,"PARA LA ADQUISICIÓN DE BATERÍAS DE RESPALDO PARA LA RESILIENCIA DE EQUIPOS DE  VOZ PARA EL NEGOCIADO DE LA POLICÍA DE PUERTO RICO, ADSCRITO AL  DEPARTAMENTO DE SEGURIDAD PÚBLICA DEL GOBIERNO DE PUERTO RICO"
REQUEST FOR PROPOSAL,,,,"Dec. 17, 2024  3 p.m.","Jan. 14, 2025  10:30 a.m.",,,,"PARA CONTRATAR SERVICIOS PARA REMPLAZAR Y REPARAR DE VIGAS DE MADERA, BARANDILLAS Y PUERTAS INTERIORES EN EL CUARTEL DE BALLAJA DE LA OFICINA ESTATAL DE CONSERVACION HISTORICA DEL GOBIERNO DE PUERTO RICO"
REQUEST FOR PROPOSAL,,,,"Dec. 12, 2024  11 a.m.","Jan. 8, 2025  11 a.m.",,,,"PARA ESTABLECER UN CONTRATO DE SELECCIÓN MÚLTIPLE PARA LA ADQUISICIÓN DE MATERIALES DESECHABLES PARA EL CONSUMO Y DESPACHO DE ALIMENTOS Y BEBIDAS Y PARA OTROS FINES PARA TODAS LAS ENTIDADES GUBERNAMENTALES, EXENTAS Y MUNICIPIOS DEL GOBIERNO DE PUERTO RICO"
SUBASTA FORMAL,,,,"Dec. 13, 2024  10:30 a.m.","Jan. 13, 2025  4 p.m.",,,,REPARACIONES Y MEJORAS DE EDIFICIOS INDUSTRIALES DE LA COMPAÑÍA DE FOMENTO INDUSTRIAL PARA LOS PW(S): 9522 Y 8583 EN LOS MUNICIPIOS DE COMERÍO Y TRUJILLO ALTO
SUBASTA FORMAL,,,,"Dec. 13, 2024  11 a.m.","Jan. 21, 2025  2 p.m.",,,,PARA REALIZAR TRABAJOS PARA LA SEPARACIÓN DE LA ALIMENTACIÓN DE AGUA POTABLE A CADA MÓDULO DE VIVIENDA; ACONDICIONAMIENTO Y MEJORAS A BAÑOS DE PLANTA ALTA DEL ÁREA DE LOS MÓDULOS DE VIVIENDA Y BAÑOS DEL CDTS PONCE DEL DEPARTAMENTO DE CORRECCIÓN Y REHABILI
SUBASTA FORMAL,,,,"Dec. 12, 2024  12:30 p.m.","Jan. 8, 2025  1:30 p.m.",,,,PARA ADQUIRIR EQUIPOS PARA EL SHELTER SYSTEMS DEL NEGOCIADO DE MANEJO DE EMERGENCIAS Y ADMINISTRACIÓN DE DESASTRES DEL DEPARTAMENTO DE SEGURIDAD PÚBLICA DEL GOBIERNO DE PUERTO RICO
SUBASTA INFORMAL,,,,"Dec. 11, 2024  10:30 a.m.","Dec. 27, 2024  10:30 a.m.",,,,REPARACIÓN DEL SISTEMA DE PROPULSIÓN DE EXTINCIÓN CONTRA INCENDIOS DE LA INSTITUCIÓN CORRECCIONAL GUERRERO AGUADILLA ADSCRITA AL DEPARTAMENTO DE CORRECCIÓN Y REHABILITACIÓN DEL GOBIERNO DE PUERTO RICO
SUBASTA INFORMAL,,,,"Dec. 17, 2024  9 a.m.","Feb. 26, 2025  10:30 a.m.",,,,REMODELACIÓN INTEGRAL DE LOS BAÑOS DE LOS EDIFICIOS 763 Y 016 DEL CAMPAMENTO SANTIAGO EN SALINAS DE LA GUARDIA NACIONAL DE PUERTO RICO
SUBASTA FORMAL,,,,"Dec. 11, 2024  12:30 p.m.","Jan. 8, 2025  10:30 a.m.",,,,​PARA ADQUIRIR E INSTALAR UN LABORATORIO MODULAR PARA AUMENTAR LA CAPACIDAD DE RECIBIDO Y PROCESAMIENTO DE PRUEBAS PARA TODAS LAS AMENAZAS (ALL-HAZARDS LRN) EN EL LABORATORIO DE EMERGENCIAS BIOLÓGICAS Y QUÍMICAS DEL DEPARTAMENTO DE SALUD DEL GOBIERNO DE P
SUBASTA FORMAL,,,,"Dec. 11, 2024  3:30 p.m.","Dec. 27, 2024  3 p.m.",,,,​​PARA LA ADQUISICIÓN DE UN (1) CAMIÓN Y UNA (1) PLATAFORMA DE ARRASTRE PARA EL CAMPAMENTO SANTIAGO EN SALINAS DE LA GUARDIA NACIONAL DE PUERTO RICO
SUBASTA INFORMAL,,,,"Dec. 12, 2024  2 p.m.","Jan. 10, 2025  1 p.m.",,,,PARA LA REPARACIÓN DE LAS FACILIDADES DEL BOSQUE ESTATAL DE VEGA DEL DEPARTAMENTO DE RECURSOS NATURALES Y AMBIENTALES DEL GOBIERNO DE PUERTO RICO.
SUBASTA FORMAL,,,,"Dec. 3, 2024  11 a.m.","Dec. 20, 2024  12:30 p.m.",,,,PARA LA ADQUISICIÓN DE VEHÍCULOS MARCA CHEVROLET TAHOE PARA EL  DEPARTAMENTO DE SEGURIDAD PÚBLICA DEL GOBIERNO DE PUERTO RICO
SUBASTA FORMAL,,,,"Dec. 11, 2024  3 p.m.","Jan. 31, 2025  10:30 a.m.",,,,MEJORAS A FACILIDADES DEPORTIVAS DRD SOUTHEAST OFFICE CENTRO DEPORTIVO EN EL MUNICIPIO DE GUAYAMA DEL DEPARTAMENTO DE RECREACION Y DEPORTES DEL GOBIERNO DE PUERTO RICO
SUBASTA FORMAL,,,,"Dec. 11, 2024  2:30 p.m.","Jan. 23, 2025  10 a.m.",,,,"PARA REALIZAR MEJORAS A LAS FACILIDADES DEPORTIVAS EN EL PARQUE ATLÉTICO OSVALDO RIVERA EN EL MUNICIPIO DE COAMO, DEL DEPARTAMENTO DE RECREACIÓN Y DEPORTES DEL GOBIERNO DE PUERTO RICO"
SUBASTA FORMAL,,,,"Dec. 11, 2024  2 p.m.","Jan. 16, 2025  9:30 a.m.",,,,"PARA REALIZAR MEJORAS A LAS FACILIDADES DEPORTIVAS DEL PARQUE LAGUNA GARDENS EN EL MUNICIPIO DE CAROLINA, DEL DEPARTAMENTO DE RECREACIÓN Y DEPORTES DEL GOBIERNO DE PUERTO RICO"
SUBASTA FORMAL,,,,"Dec. 11, 2024  10 a.m.","Jan. 10, 2025  3 p.m.",,,,"REPARACIONES Y MEJORAS A EDIFICIOS INDUSTRIALES DE LA COMPAÑÍA DE FOMENTO INDUSTRIAL PARA LOS PWs 7807, 8067 Y 8144 (ARECIBO, QUEBRADILLAS Y UTUADO)"
SUBASTA FORMAL,,,,"Dec. 2, 2024  2 p.m.","Dec. 20, 2024  11:30 a.m.",,,,PARA LA ADQUISICIÓN E INSTALACIÓN DE EQUIPO PARA LA ACTUALIZACIÓN DE LA INFRAESTRUCTURA VIRTUAL DEL CENTRO DE CÓMPUTOS DE SAN JUAN Y PONCE DEL NEGOCIADO DE LA POLICIA DE PUERTO RICO ADSCRITO AL DEPARTAMENTO DE SEGURIDAD PÚBLICA DEL GOBIERNO DE PUERTO RICO
SUBASTA INFORMAL,,,,"Dec. 3, 2024  10 a.m.","Dec. 12, 2024  10 a.m.",,,,SERVICIO DE MEJORAS A LAS FACILIDADES DEPORTIVAS EN CAMUY Y HATILLO DEL DEPARTAMENTO DE RECREACIÓN Y DEPORTES DEL GOBIERNO DE PUERTO RICO
SUBASTA FORMAL,,,,"Dec. 4, 2024  9:30 a.m.","Dec. 26, 2024  11 a.m.",,,,REPARACIONES Y MEJORAS A EDIFICIOS INDUSTRIALES DE LA COMPAÑÍA DE FOMENTO INDUSTRIAL PARA EL PW 9223 EN CABO ROJO Y MOROVIS
SUBASTA FORMAL,,,,"Nov. 25, 2024  11 a.m.","Dec. 19, 2024  10:30 a.m.",,,,"PARA REHABILITAR LAS INSTALACIONES DEL CENTRO DE RECUPERACIÓN, ALA #4 EN SAN PATRICIO, ADSCRITAS A LA ADMINISTRACIÓN DE SERVICIOS DE SALUD MENTAL Y CONTRA LA ADICCIÓN DEL GOBIERNO DE PUERTO RICO"
SUBASTA INFORMAL,,,,"Dec. 3, 2024  10:30 a.m.","Dec. 18, 2024  10:30 a.m.",,,,"REPARACIÓN, LIMPIEZA Y PINTURA DEL CENTRO DE APRESTAMIENTO MILITAR DE CABO ROJO DE LA GUARDIA NACIONAL DE PUERTO RICO"
SUBASTA INFORMAL,,,,"Nov. 21, 2024  10 a.m.","Dec. 16, 2024  10 a.m.",,,,ADQUISICIÓN DE VAGÓN PARA LA FINCA GABIA ADSCRITA AL CUERPO DE VIGILANTES DEL DEPARTAMENTO DE RECURSOS NATURALES Y AMBIENTALES DEL GOBIERNO DE PUERTO RICO
SUBASTA INFORMAL,,,,"Nov. 20, 2024  10 a.m.","Dec. 11, 2024  10 a.m.",,,,SERVICIOS DE REACONDICIONAMIENTO DEL CONDOMINIO SAN JOSÉ EN SAN JUAN PARA LA AUTORIDAD DE TIERRAS DEL GOBIERNO DE PUERTO RICO
SUBASTA INFORMAL,,,,"Nov. 20, 2024  1:30 p.m.","Dec. 5, 2024  1:30 p.m.",,,,"PARA EL SERVICIO DE INSPECCIÓN, LIMPIEZA, IDENTIFICACIÓN Y PRUEBAS DE CABLES PRIMARIOS EN EL PARQUE LUIS MUÑOZ RIVERA DEL DEPARTAMENTO DE RECURSOS NATURALES Y AMBIENTALES DEL GOBIERNO DE PUERTO RICO"
REQUEST FOR PROPOSAL,,,,"Nov. 21, 2024  10 a.m.","Dec. 12, 2024  1 p.m.",,,,PARA FORMALIZAR UN CONTRATO PARA EL PROCESAMIENTO DE DATOS Y TARJETAS DE COMBUSTIBLE PARA LA ADMINISTRACIÓN DE SERVICIOS GENERALES DEL GOBIERNO DE PUERTO RICO
SUBASTA INFORMAL,,,,"Nov. 18, 2024  9:30 a.m.","Dec. 10, 2024  10:30 a.m.",,,,TRABAJOS DE MEJORAS A LA PLANTA FÍSICA EN EL CENTRO PEDIÁTRICO METROPOLITANO DE LA SECCIÓN DE NIÑOS CON NECESIDADES MÉDICAS ESPECIALES DEL DEPARTAMENTO DE SALUD DEL GOBIERNO DE PUERTO RICO
SUBASTA INFORMAL,,,,"Nov. 15, 2024  1 p.m.","Dec. 10, 2024  10:30 a.m.",,,,SERVICIOS DE CONSTRUCCIÓN GENERAL DEL LAUNDRY DEL HOSPITAL PSIQUIÁTRICO FORENSE DE PONCE DE LA ADMINISTRACIÓN DE SERVICIOS DE SALUD MENTAL Y CONTRA LA ADICCIÓN DEL GOBIERNO DE PUERTO RICO.
SUBASTA FORMAL,,,,,"Dec. 11, 2024  1 p.m.",,,,PARA ADQUISICIÓN DE TRAILERS PARA EL DEPARTAMENTO DE RECREACIÓN Y DEPORTES DEL GOBIERNO DE PUERTO RICO
SUBASTA FORMAL,,,,"Nov. 12, 2024  1 p.m.","Dec. 3, 2024  1 p.m.",,,,PARA ADQUIRIR CHALECOS ANTI-BALA Y COVERS PARA EL NEGOCIADO DE LA POLICÍA
SUBASTA INFORMAL,,,,"Nov. 12, 2024  1:30 p.m.","Dec. 9, 2024  1:30 p.m.",,,,PARA LA REHABILITACIÓN DE SISTEMA ELÉCTRICO DEL RESIDENCIAL DE MUJERES DE SAN JUAN
SUBASTA INFORMAL,,,,"Nov. 8, 2024  10 a.m.","Dec. 4, 2024  noon",,,,PROYECTO INFRAESTRUCTURA ELÉCTRICA PARA EL SISTEMA DE EXTRACTORES DE HUMO PARA EL CENTRO DE BELLAS ARTES DEL GOBIERNO DE PUERTO RICO
SUBASTA INFORMAL,,,,"Nov. 7, 2024  9 a.m.",,,,,"ADQUISICIÓN, REEMPLAZO E INSTALACIÓN DE SISTEMA DE ALARMAS DE SEGURIDAD E INCENDIOS DE LA SUPERINTENDENCIA AUXILIAR EN EDUCACIÓN Y ADIESTRAMIENTO DEL NEGOCIADO DE LA POLICIA DEL GOBIERNO DE PUERTO RICO."
SUBASTA FORMAL,,,,"Nov. 7, 2024  10 a.m.","Nov. 22, 2024  3 p.m.",,,,PARA LA ADQUISICIÓN DE VEHÍCULOS MARCA CHEVROLET TAHOE PARA EL  DEPARTAMENTO DE SEGURIDAD PÚBLICA DEL GOBIERNO DE PUERTO RICO
SUBASTA FORMAL,,,,"Nov. 1, 2024  8 a.m.","Dec. 4, 2024  10:30 a.m.",,,,"PARA ESTABLECER CONTRATO PARA LA CONSTRUCCIÓN DE RAMPAS EN LOS EDIFICIOS S-0535, T-1148, T-1020, T-0821 Y T-0820 LOCALIZADOS EN EL MUNICIPIO DE COAMO PERTENECIENTE A LA COMPAÑÍA DE FOMENTO INDUSTRIAL DEL GOBIERNO DE PUERTO RICO (PRIDCO)"
SUBASTA FORMAL,,,,"Nov. 1, 2024  8:30 a.m.","Dec. 4, 2024  11 a.m.",,,,PARA ESTABLECER CONTRATO PARA LA CONSTRUCCIÓN DE UNA SUBESTACIÓN ELÉCTRICA EN EL EDIFICIO M-0804-0-67 LOCALIZADO EN EL MUNICIPIO DE CAGUAS PERTENECIENTE A LA COMPAÑÍA DE FOMENTO INDUSTRIAL DEL GOBIERNO DE PUERTO RICO (PRIDCO)
SUBASTA INFORMAL,,,,"Oct. 29, 2024  10:30 a.m.","Nov. 22, 2024  10:30 a.m.",,,,"SERVICIO DE INSPECCIÓN, IDENTIFICACIÓN, PRUEBAS Y LIMPIEZA DE SISTEMA ELÉCTRICO AL BALNEARIO LA MONSERRATE DE LUQUILLO ADSCRITO AL DEPARTAMENTO DE RECURSOS NATURALES Y AMBIENTALES  DEL GOBIERNO DE PUERTO RICO"
SUBASTA INFORMAL,,,,"Oct. 31, 2024  10 a.m.","Dec. 12, 2024  10:30 a.m.",,,,Servicio de Pintura Exterior Casa del Veterano del Gobierno de Puerto Rico
SUBASTA FORMAL,,,,"Oct. 30, 2024  1 p.m.","Nov. 21, 2024  11 a.m.",,,,PARA ESTABLECER CONTRATOS PARA SERVICIOS DE PINTURA GENERAL Y MANTENIMIENTO PREVENTIVO PARA LAS ESCUELAS DEL GOBIERNO DE PUERTO RICO
SUBASTA INFORMAL,,,,"Oct. 29, 2024  10 a.m.","Nov. 21, 2024  10 a.m.",,,,REPARACIÓN DEL SISTEMA DE ALARMAS EN LA NUEVA SEDE DEL DEPARTAMENTO DE SALUD DEL GOBIERNO DE PUERTO RICO
SUBASTA INFORMAL,,,,"Oct. 30, 2024  10:30 a.m.","Nov. 13, 2018  10:30 a.m.",,,,PARA FORMALIZAR CONTRATO PARA LA ADQUISICIÓN DE UNIFORMES DE CADETES DEL PROGRAMA YOUTH CHALLENGE DE LA GUARDIA NACIONAL  DEL GOBIERNO DE PUERTO RICO.
SUBASTA INFORMAL,,,,"Oct. 25, 2024  9 a.m.","Nov. 21, 2024  10:30 a.m.",,,,REMODELACIÓN INTEGRAL DE LOS BAÑOS DE LOS EDIFICIOS 763 Y 016 DEL CAMPAMENTO SANTIAGO EN SALINAS DE LA  GUARDIA NACIONAL DE PUERTO RICO
REQUEST FOR PROPOSAL,,,,"Dec. 4, 2024  2 p.m.","Dec. 16, 2024  10 a.m.",,,,"PARA ESTABLECER CONTRATO DE SELECCIÓN MÚLTIPLE PARA LA ADQUISICIÓN DE PIEZAS DE REEMPLAZO PARA LOS VEHÍCULOS DE LA FLOTA VEHICULAR DE LAS ENTIDADES GUBERNAMENTALES, ENTIDADES EXENTAS Y MUNICIPIOS DEL GOBIERNO DE PUERTO RICO"
SUBASTA INFORMAL,,,,"Oct. 24, 2024  10 a.m.","Nov. 8, 2024  1 p.m.",,,,ADQUISICIÓN DE LUMINARIAS PARA LAS FACILIDADES DE LA REPRESA CERRILLOS DE PONCE DEL DEPARTAMENTO DE RECURSOS NATURALES Y AMBIENTALES DEL GOBIERNO DE PUERTO RICO
SUBASTA FORMAL,,,,"Oct. 22, 2024  1:30 p.m.","Dec. 18, 2024  2 p.m.",,,,"PARA LA ADQUISICIÓN E INSTALACIÓN DE EQUIPOS DE ILUMINACIÓN, VIDEOS Y CÁMARAS PARA LA PREPARACIÓN DE ESTUDIO EN LA ADMINISTRACIÓN DE SERVICIOS DE SALUD MENTAL Y CONTRA LA ADICCIÓN (ASSMCA) DEL GOBIERNO DE PUERTO RICO"
SUBASTA INFORMAL,,,,"Oct. 23, 2024  1:30 p.m.","Nov. 7, 2024  1 p.m.",,,,"PARA EL SERVICIO DE REPARACIÓN DE EDIFICIOS, ANARANJADO, AMRILLO, VERDE Y AZUL DEL COMPLEJO DE REHABILITACIÓN PARA MUJERES EN BAYAMON"
REQUEST FOR PROPOSAL,,,,"Oct. 22, 2024  2:30 p.m.","Dec. 3, 2024  1:30 p.m.",,,,"PARA ESTABLECER UN CONTRATO DE SELECCIÓN MÚLTIPLE PARA LA ADQUISICIÓN DE MATERIALES DESECHABLES PARA EL CONSUMO Y DESPACHO DE ALIMENTOS Y BEBIDAS Y PARA OTROS FINES PARA TODAS LAS ENTIDADES GUBERNAMENTALES, EXENTAS Y MUNICIPIOS DEL GOBIERNO DE PUERTO RICO"
REQUEST FOR PROPOSAL,,,,,"Dec. 12, 2024  9:30 a.m.",,,,"PARA ESTABLECER CONTRATO DE SELECCIÓN MÚLTIPLE PARA EL MANEJO DE DESPERDICIOS SÓLIDOS NO PELIGROSOS Y DESPERDICIOS GENERADOS POR ACTIVIDAD DE CONSTRUCCIÓN O DEMOLICIÓN CON ASIGNACION DEL FONDO FEDERAL PARA TODAS LAS ENTIDADES GUBERNAMENTALES, EXENTAS Y MU"
SUBASTA FORMAL,,,,"Oct. 23, 2024  1 p.m.","Nov. 22, 2024  10 a.m.",,,,"PARA ADQUIRIR SERVICIOS PARA LA LIMPIEZA DEL SISTEMA DE ALCANTARILLADO PLUVIAL DE LAS CARRETERAS CON ASIGNACIÓN DE FONDOS NO FEDERAL PARA TODAS LAS ENTIDADES GUBERNAMENTALES, ENTIDADES EXENTAS Y MUNICIPIOS DEL GOBIERNO DE PUERTO RICO"
SUBASTA FORMAL,,,,"Oct. 23, 2024  11 a.m.","Nov. 22, 2024  9 a.m.",,,,"PARA LA REPARACION DE SIETE (7) UNIDADES DEL PROYECTO RIBERAS DEL BUCANÁ II EN PONCE, ADSCRITAS AL DEPARTAMENTO DE LA VIVIENDA DEL GOBIERNO DE PUERTO RICO"
SUBASTA INFORMAL,,,,"Oct. 17, 2024  10:30 a.m.","Nov. 8, 2024  10:30 a.m.",,,,DISEÑO Y CONSTRUCCIÓN DE MURO DE CONTENCIÓN EN HORMIGÓN EN EL BO. CANDELERO ABAJO EN HUMACAO PARA LA AUTORIDAD DE TIERRAS DEL GOBIERNO DE PUERTO RICO
SUBASTA INFORMAL,,,,"Oct. 16, 2024  9 a.m.","Nov. 4, 2024  2 p.m.",,,,"PARA LA FORMALIZACIÓN DE UN CONTRATO ANUAL DE MANTENIMIENTO PREVENTIVO A SISTEMAS MECÁNICOS DE MANEJADORAS, EXTRACCIONES DE AIRE, CERTIFICACIÓN Y CALIBRACIÓN ANUAL DE EQUIPOS DEL SISTEMA DE HVAC PARA EL LABORATORIO DE EMERGENCIAS BIOLÓGICAS Y QUÍMICAS"
SUBASTA FORMAL,,,,"Oct. 15, 2024  10:30 a.m.","Oct. 30, 2024  11:30 a.m.",,,,"PARA LA ADQUISICIÓN DE EQUIPO MENOS LETAL PARA UNIDADES MARÍTIMAS DEL NEGOCIADO DE LA POLICÍA, ADSCRITO AL DEPARTAMENTO DE SEGURIDAD PÚBLICA DEL GOBIERNO DE PUERTO RICO"
REQUEST FOR PROPOSAL,,,,"Oct. 16, 2024  11 a.m.","Nov. 1, 2024  9 a.m.",,,,"PARA ESTABLECER UN CONTRATO DE SERVICIO DE MANEJO DE TURNOS Y CITAS PARA TODAS LAS ENTIDADES GUERNAMENTALES, EXENTAS Y MUNICIPIOS DEL GOBIERNO DE PUERTO RICO"
SUBASTA FORMAL,,,,"Oct. 17, 2024  9:30 a.m.","Nov. 13, 2024  10 a.m.",,,,PARA LA ADQUISICIÓN DE BOTES COMERCIALES PARA EL EMBARCADERO DEL LAGO DOS BOCAS PARA EL DEPARTAMENTO DE TRANSPORTACIÓN Y OBRAS PÚBLICAS DEL GOBIERNO DE PUERTO RICO
SUBASTA FORMAL,,,,"Oct. 10, 2024  1:30 p.m.","Oct. 29, 2024  10:30 a.m.",,,,"PARA LA ADQUISICIÓN E INSTALACIÓN DE UN SISTEMA DE ALMACENAMIENTO MÓVIL PARA ARMAS DE FUEGO PARA EL NEGOCIADO DE LA POLICÍA, ADSCRITO AL DEPARTAMENTO DE SEGURIDAD PÚBLICA DEL GOBIERNO DE PUERTO RICO"
SUBASTA INFORMAL,,,,"Oct. 10, 2024  9 a.m.","Oct. 28, 2024  10:30 a.m.",,,,SERVICIO DE MEJORAS A LAS FACILIDADES DEPORTIVAS EN CAMUY Y HATILLO DEL DEPARTAMENTO DE RECREACIÓN Y DEPORTES DEL GOBIERNO DE PUERTO RICO
SUBASTA FORMAL,,,,"Oct. 10, 2024  11 a.m.","Oct. 28, 2024  1:30 p.m.",,,,"​PARA LA ADQUISICIÓN DE INSTRUMENTO PARA DIAGNÓSTICO MOLECULAR PARA SARS-COV-2, ENTRE OTROS, PARA EL LABORATORIO DE SALUD PÚBLICA DEL DEPARTAMENTO DE SALUD DEL GOBIERNO DE PUERTO RICO"
SUBASTA FORMAL,,,,"Oct. 8, 2024  10:30 a.m.","Oct. 25, 2024  11 a.m.",,,,"PARA LA ADQUISICIÓN DE EQUIPO DE GRABACIÓN DE VOZ PARA EL NEGOCIADO DE LA POLICÍA DE PUERTO RICO, ADSCRITO AL DEPARTAMENTO DE SEGURIDAD PÚBLICA DEL GOBIERNO DE PUERTO RICO"
SUBASTA INFORMAL,,,,"Nov. 14, 2024  9:30 a.m.",,,,,ADQUISICIÓN E INSTALACIÓN DE SISTEMA DE CÁMARAS DE SEGURIDAD PARA LA CASA DEL VETERANO EN JUANA DÍAZ DE LA OFICINA DEL PROCURADOR DEL VETERANO DEL GOBIERNO DE PUERTO RICO
SUBASTA INFORMAL,,,,"Oct. 10, 2024  1:30 p.m.","Oct. 31, 2024  1 p.m.",,,,"PARA REHABILITACIÓN DE LA CALLE 7, DE LA COMUNIDAD LOS ROSALES EN EL BARRIO JAGUAL DE SAN LORENZO"
SUBASTA FORMAL,,,,"Oct. 16, 2024  10:30 a.m.","Nov. 18, 2024  4:30 p.m.",,,,PARA ADQUIRIR SERVICIOS DE RECONSTRUCCIÓN DE PISTA ATLÉTICA EN SALINAS PARA LA GUARDIA NACIONAL DEL GOBIERNO DE PUERTO RICO
SUBASTA FORMAL,,,,"Oct. 10, 2024  2:30 p.m.","Oct. 28, 2024  10:30 a.m.",,,,PARA ADQUIRIR SERVICIOS PARA LA REPARACIÓN Y MANTENIMIENTO DEL SISTEMA DE ALARMA Y SUPRESIÓN DE INCENDIOS DEL ARMY AVIATION SUPPORT FACILITY EN SAN JUAN PARA LA GUARDIA NACIONAL DEL GOBIERNO DE PUERTO RICO
SUBASTA FORMAL,,,,"Oct. 10, 2024  3 p.m.","Oct. 29, 2024  11:30 a.m.",,,,ADQUISICIÓN DE VEHICULOS DE MOTOR “HÍBRIDOS” PARA EL DEPARTAMENTO DE HACIENDA DEL GOBIERNO DE PUERTO RICO
SUBASTA INFORMAL,,,,"Oct. 9, 2024  10 a.m.","Oct. 31, 2024  10:30 a.m.",,,,"ADQUISICIÓN E INSTALACIÓN DE EQUIPOS Y PUERTAS, DEMOLICIÓN Y REMODELACIÓN DE BAÑOS EN EL HOSPITAL DE PSIQUIATRIA GENERAL DR. RAMÓN FERNÁNDEZ MARINA DE RIO PIEDRAS DE LA ADMINISTRACIÓN DE SERVICIOS DE SALUD MENTAL Y CONTRA LA ADICCIÓN DEL GOBIERNO DE P.R."
SUBASTA FORMAL,,,,"Oct. 3, 2024  2 p.m.","Oct. 22, 2024  noon",,,,"PARA LA ADQUISICIÓN DE MOTORES MARINOS PARA LAS EMBARCACIONES DEL NEGOCIADO DE LA POLICÍA DE PUERTO RICO, ADSCRITO AL DEPARTAMENTO DE SEGURIDAD PÚBLICA DEL GOBIERNO DE PUERTO RICO"
SUBASTA FORMAL,,,,"Oct. 3, 2024  2:30 p.m.","Oct. 28, 2024  12:30 p.m.",,,,PARA LA ADQUISICIÓN E INSTALACIÓN DE BOMBAS SUMERGIBLES SANITARIAS EN LA INSTITUCIÓN CORRECCIONAL GUERRERO DE AGUADILLA DEL DEPARTAMENTO DE CORRECCIÓN Y REHABILITACIÓN DEL GOBIERNO DE PUERTO RICO
SUBASTA FORMAL,,,,"Oct. 3, 2024  11 a.m.","Oct. 22, 2024  11 a.m.",,,,"PARA LA ADQUISICIÓN DE BATERÍAS DE RESPALDO PARA LA RESILIENCIA DE EQUIPOS DE VOZ PARA EL NEGOCIADO DE LA POLICÍA DE PUERTO RICO, ADSCRITO AL DEPARTAMENTO DE SEGURIDAD PÚBLICA DEL GOBIERNO DE PUERTO RICO"
SUBASTA INFORMAL,,,,"Oct. 8, 2024  10 a.m.","Oct. 22, 2024  10 a.m.",,,,SERVICIO DE REMPLAZO EN LINEAS SANITARIA EN COAMO REDINESS CENTER (RC) EN COAMO PARA LA GUARDIA NACIONAL  DEL GOBIERNO DE PUERTO RICO
REQUEST FOR PROPOSAL,,,,"Oct. 28, 2024  9 a.m.",,,,,"PARA FORMALIZAR UN CONTRATO DE SELECCIÓN MÚLTIPLE PARA LA ADQUISICIÓN DE MATERIALES PARA LA HIGIENE PERSONAL PARA LAS ENTIDADES GUBERNAMENTALES, ENTIDADES EXENTAS Y MUNICIPIOS DEL GOBIERNO DE PUERTO RICO"
SUBASTA FORMAL,,,,"Sept. 26, 2024  2 p.m.","Oct. 18, 2024  11:30 a.m.",,,,"PARA FORMALIZAR UN CONTRATO DE SELECCION MULTIPLE PARA LA ADQUISICION DE AUDIFONOS  Y EQUIPO DE ASISTENCIA DE  TECNOLOGIA   PARA AUDIO IMPEDIDOS, PARA LAS AGENCIAS, ENTIDADES EXENTAS, CORPORACIONES PUBLICAS Y MUNICIPIOS DEL GOBIERNO DE PUERTO RICO."
SUBASTA INFORMAL,,,,"Sept. 25, 2024  1 p.m.","Oct. 16, 2024  1 p.m.",,,,"ADQUISICIÓN DE SERVICIOS DE MANTENIMIENTO Y PINTURA DE “RISERS” DEL SISTEMA DE ROCIADORES DEL CENTRO REGIONAL DE DISTRIBUCIÓN DE MAYAGÜEZ, ADSCRITO AL DEPARTAMENTO DE DESARROLLO ECONÓMICO Y COMERCIO DEL GOBIERNO DE PUERTO RICO"
SUBASTA FORMAL,,,,,"Sept. 26, 2024  8:30 a.m.",,,,PARA LA ADQUISICIÓN DE GENERADORES ELÉCTRICOS PARA LA OFICINA DE DESARROLLO SOCIOECONÓMICO Y COMUNITARIO DEL GOBIERNO DE PUERTO RICO
SUBASTA INFORMAL,,,,"Sept. 19, 2024  10 a.m.","Oct. 3, 2024  10 a.m.",,,,CONSTRUCCIÓN DE TECHO EN GALVALUME PARA GAZEBO EN URB. LAS COLINAS EN TOA BAJA PARA LA AUTORIDAD DE TIERRAS DEL GOBIERNO DE PUERTO RICO
SUBASTA INFORMAL,,,,"Sept. 17, 2024  10:30 a.m.","Oct. 22, 2024  10:30 a.m.",,,,"SERVICIO DE REMOCIÓN, DISPOSICIÓN E INSTALACIÓN DE ALFOMBRAS, LUCES, CUBRE FALTA Y VARETAS PARA EL INSTITUTO DE CULTURA PUERTORRIQUEÑA GOBIERNO DE PUERTO RICO"
REQUEST FOR PROPOSAL,,,,"Sept. 19, 2024  9 a.m.","Oct. 3, 2024  10 a.m.",,,,"PARA FORMALIZAR UN CONTRATO DE SELECCIÓN MÚLTIPLE PARA EL SERVICIO DE DISPOSICIÓN DE DESPERDICIOS SÓLIDOS EN SISTEMAS DE RELLENO SANITARIO PARA LAS ENTIDADES GUBERNAMENTALES, ENTIDADES EXENTAS Y MUNICIPIOS DEL GOBIERNO DE PUERTO RICO"
SUBASTA FORMAL,,,,"Oct. 3, 2024  10:30 a.m.","Nov. 7, 2024  10:30 a.m.",,,,"GOVERNMENT OF PUERTO RICO LOCAL REDEVELOPMENT AUTHORITY FOR ROOSEVELT ROADS CONSTRUCTION OF WATER INFRASTRURE IMPROVEMENTS, PHASE I"
SUBASTA FORMAL,,,,"Sept. 13, 2024  11 a.m.","Oct. 16, 2024  1:30 p.m.",,,,"PARA EL REEMPLAZO DE SISTEMAS DE GENERACION DE VAPOR (CALDERAS) PARA LAS FACILIDADES DEL CENTRO DE INGRESOS DEL SUR EN PONCEEEEE, LA INSTITUCION 705 EN BAYAMON Y EL CENTRO DE DETENCION DE MAYAGUEZ DEL DEPARTAMENTO DE CORRECCION Y REHABILITACION DEL GOBIER"
SUBASTA FORMAL,,,,"Sept. 17, 2024  11 a.m.","Oct. 11, 2024  10:30 a.m.",,,,PARA MEJORAS A LAS FACILIDADES DEPORTIVAS DEL PARQUE MAMEYAL Y PARQUE FELIX GARCIA EN DORADO DEL DEPARTAMENTO DE RECREACIÓN Y DEPORTES  DEL GOBIERNO DE PUERTO RICO
SUBASTA FORMAL,,,,"Sept. 17, 2024  10:30 a.m.","Oct. 11, 2024  10 a.m.",,,,​PARA MEJORAS A LAS FACILIDADES DEPORTIVAS EN EL BARRIO CALABAZAS DEL MUNICIPIO DE SAN SEBASTÍAN DEL DEPARTAMENTO DE RECREACIÓN Y DEPORTES  DEL GOBIERNO DE PUERTO RICO​
SUBASTA FORMAL,,,,"Sept. 17, 2024  9:30 a.m.","Nov. 13, 2024  9:30 a.m.",,,,PARA MEJORAS A LAS FACILIDADES DEPORTIVAS DE LA PLAYA GUAYANÉS EN YABUCOA DEL DEPARTAMENTO DE RECREACIÓN Y DEPORTES DEL GOBIERNO DE PUERTO RICO
SUBASTA FORMAL,,,,"Sept. 25, 2024  10:30 a.m.","Oct. 15, 2024  9:30 a.m.",,,,PARA LA REHABILITACIÓN Y MODERNIZACIÓN DE TRES (3) ELEVADORES EN LA OFICINA DEL PROCURADOR DEL VETERANO DEL GOBIERNO DE PUERTO RICO
SUBASTA FORMAL,,,,"Sept. 17, 2024  10 a.m.","Oct. 11, 2024  9:30 a.m.",,,,"​PARA MEJORAS A LAS FACILIDADES DEPORTIVAS DE LAS VEGAS DE CEIBA, EN EL MUNICIPIO DE CEIBA PARA EL DEPARTAMENTO DE RECREACIÓN Y DEPORTES  DEL GOBIERNO DE PUERTO RICO​"
SUBASTA INFORMAL,,,,"Sept. 9, 2024  2 p.m.","Sept. 24, 2024  10 a.m.",,,,SERVICIO DE LIMPIEZA Y MEJORAS EN EL ÁREA DE ESTACIONAMIENTO DEL DEPARTAMENTO DE LA VIVIENDA DEL GOBIERNO DE PUERTO RICO
SUBASTA INFORMAL,,,,"Sept. 12, 2024  10 a.m.","Sept. 27, 2024  10 a.m.",,,,PARA LA AQUISICION E INSTALACIÓN DE SISTEMA DE BANCO DE BATERIAS (UPS) PARA EL DEPARTAMENTO DE JUSTICIA DEL GOBIERNO DE PUERTO RICO.
REQUEST FOR PROPOSAL,,,,"Sept. 30, 2024  1 p.m.","Dec. 5, 2024  10:30 a.m.",,,,"PARA FORMALIZAR UN CONTRATO DE SELECCIÓN MÚLTIPLE PARA LA ADQUISICIÓN DE VEHÍCULOS ELÉCTRICOS, HÍBRIDOS Y DE COMBUSTIBLE PARA LAS ENTIDADES GUBERNAMENTALES, EXENTAS Y MUNICIPIOS DEL GOBIERNO DE PUERTO RICO​​"
SUBASTA FORMAL,,,,"Sept. 10, 2024  2:30 p.m.","Oct. 24, 2024  1:30 p.m.",,,,PARA LA ADQUISICIÓN E INSTALACIÓN DE NEVERAS Y FREEZERS PARA EL PROGRAMA DE  VACUNACIÓN DEL DEPARTAMENTO DE SALUD DEL GOBIERNO DE PUERTO RICO
REQUEST FOR PROPOSAL,,,,"Sept. 11, 2024  9:30 a.m.","Sept. 26, 2024  10:30 a.m.",,,,"PARA FORMALIZAR UN CONTRATO DE SELECCIÓN MÚLTIPLE PARA EL ARRENDAMIENTO DE ESPACIOS DE ESTACIONAMIENTO CERCANOS AL CENTRO GUBERNAMENTAL ROBERTO SÁNCHEZ VILELLA PARA LAS ENTIDADES GUBERNAMENTALES, ENTIDADES EXENTAS Y MUNICIPIOS DEL GOBIERNO DE PUERTO RICO"
SUBASTA FORMAL,,,,"Sept. 12, 2024  10 a.m.","Oct. 24, 2024  10:30 a.m.",,,,"PARA LA REPARACIÓN DE 32 UNIDADES VACANTES EN EL PROYECTO BALCONES DE LAS CATALINAS EN CAGUAS, ADSCRITAS AL DEPARTAMENTO DE LA VIVIENDA DEL GOBIERNO DE PUERTO RICO"
REQUEST FOR PROPOSAL,,,,"Sept. 9, 2024  9:30 a.m.","Sept. 24, 2024  10:30 a.m.",,,,"PROPÓSITO: DISEÑO Y CONSTRUCCIÓN DE MEJORAS Al PARQUE UBICADO EN LA SÉPTIMA SECCIÓN DE LEVITTOWN, TOA BAJA PARA LA AUTORIDAD DE TIERRAS DEL GOBIERNO DE PUERTO RICO."
REQUEST FOR PROPOSAL,,,,"Sept. 6, 2024  10 a.m.","Oct. 8, 2024  3 p.m.",,,,"​​​​PARA LA ADQUISICIÓN, INSTALACIÓN Y LA REPARACIÓN DE LA CISTERNA SUBTERRANEA HISTÓRICA DEL CUARTEL DE BALLAJA DE LA OFICINA ESTATAL DE LA CONSERVACIÓN HISTÓRICA DEL GOBIERNO DE PUERTO RICO​"
SUBASTA FORMAL,,,,"Sept. 23, 2024  2 p.m.","Oct. 10, 2024  10:30 a.m.",,,,"PARA LA ADQUISICIÓN E INSTALACIÓN DE TRANSFORMADOR EN LA SUBESTACIÓN PRIMARIA DE 38,000 KV DE LA INSTITUCIÓN CORRECCIONAL DE GUAYAMA DEL DEPARTAMENTO DE CORRECCIÓN Y REHABILITACIÓN DEL GOBIERNO DE PUERTO RICO"
SUBASTA FORMAL,,,,"Sept. 4, 2024  11 a.m.","Sept. 20, 2024  11 a.m.",,,,"PARA LA ADQUISICIÓN DE EQUIPOS Y COMPONENTES DE AVIONES AVOTEK PARA EL PROGRAMA DE MECÁNICA DE AVIACIÓN DE LA DIVISIÓN DE EDUCACIÓN TÉCNICA DEL DEPARTAMENTO DE EDUCACIÓN, SEGÚN SOLICITADO POR EL DEPARTAMENTO DE DESARROLLO ECONÓMICO Y COMERCIO DEL  GOBIERN"
SUBASTA FORMAL,,,,"Sept. 4, 2024  10:30 a.m.","Sept. 20, 2024  10:30 a.m.",,,,"​PARA LA ADQUISICIÓN DE AVIONES PARA EL PROGRAMA DE MECÁNICA DE AVIACIÓN DE LA DIVISIÓN DE EDUCACIÓN TÉCNICA DEL DEPARTAMENTO DE EDUCACIÓN, SEGÚN SOLICITADO POR EL DEPARTAMENTO DE DESARROLLO ECONÓMICO Y COMERCIO DEL GOBIERNO DE PUERTO RICO​​"
PUERTO RICO DEPARTMENT OF EDUCATION (BEN #157779) INVITATION TO QUOTE PRICING FOR E-RATE CABLING AND FIBER INSTALLATION FY2025 CATEGORY 2 FORM 470 #250022409,,,,,,Solicitud de Calificaciones (RFQ),2025-02-14,Activo,This RFQ invites vendors to submit pricing quotes for E-Rate cabling and fiber installation services for the Puerto Rico Department of Education in FY2025.
SERVICIOS PROFESIONALES: PROYECTO EDUINGLES 2024-2025,,,,,,Solicitud de Propuesta (RFP),2025-02-05,Activo,This RFP solicits professional services for the EDUINGLES project for the 2024-2025 academic year.
"RFP NUM. PRDE-OC-2025-001 AND E-RATE FORM 470 #250019131 FOR THE PROCUREMENT OF WIDE AREA NETWORK, INTERNET, CONTENT FILTERING, TELECOMMUNICATIONS, AND WI-FI HOTSPOT EQUIPMENT AND SERVICES FOR THE PUERTO RICO DEPARTMENT OF EDUCATION",,,,,,Solicitud de Propuesta (RFP),2025-02-03,Activo,This RFP calls for proposals to procure network and communication equipment and services—including content filtering and Wi-Fi hotspots—for the Puerto Rico Department of Education.
CONTRATO PARA LA ADQUISICION DE VAGONES MODULARES TIPO OFICINA PARA EL DEPARTAMENTO DE EDUCACION,,,,,,Subasta Formal,2025-01-24,Activo,This formal auction seeks bids for a contract to acquire modular office wagons for the Department of Education.
Servicios legales para la representación en el foro administrativo frente al Departamento de Educación Federal,,,,,,Solicitud de Propuesta (RFP),2025-01-22,Activo,This RFP requests proposals for legal services to represent the institution in administrative proceedings before the Federal Department of Education.
SERVICIOS PROFESIONALES: PROYECTO EDUINGLES 2024-2025,,,,,,Solicitud de Propuesta (RFP),2025-01-17,Activo,This RFP solicits professional services for the EDUINGLES project for the 2024-2025 academic year.
VARIOS MATERIALES PARA SER UTILIZADOS EN LOS COMEDORES ESCOLARES,,,,,,Subasta Formal,2025-01-13,Activo,This formal auction invites bids for various materials to be used in school cafeterias.
Servicios de consultoría para la Oficina Regional de Bayamón,,,,,,Solicitud de Propuesta (RFP),2024-12-05,Evaluación,"This RFP seeks consulting services for the Regional Office in Bayamón, currently under evaluation."
SERVICIOS PROFESIONALES: PROYECTO EDUINGLES 2024-2025,,,,,,Solicitud de Propuesta (RFP),2024-11-18,Activo,This RFP solicits professional services for the EDUINGLES project for the 2024-2025 academic year.
Petición de Propuestas (RFP) para proveer Servicios Profesionales al Programa de Educación Especiales 2024-2025- Servicios Legales en el foro federal.,,,,,,Solicitud de Propuesta (RFP),2024-11-14,Activo,This RFP invites proposals for professional legal services to support the Special Education Program in federal proceedings for 2024-2025.
PARA CONTRATAR PROVEEDORES DE SERVICIO DE TRANSPORTACION ESCOLAR PARA SERVIR LAS RUTAS ESTABLECIDAS POR EL DEPARTAMENTO DE EDUCACION DE PUERTO RICO DURANTE EL AÑO ESCOLAR 2025-2026 Y 2026-2027,,,,,,Subasta Formal,2024-11-08,Activo,This formal auction seeks bids to contract school transportation services for the academic years 2025-2026 and 2026-2027 in Puerto Rico.
"Subasta para construcción y desarrollo de propuesta HMP 406 Proyecto de reparaciones estructurales y misceláneas FEMA DR-4473 PW#. 565 50120 - Esc. Elemental Urbana Municipio de Lajas, P.R. FEMA DR-4473 PW#. 340 45393- Esc. Blanca Malaret Municipio de Sabana Grande , PR",,,,,,Solicitud de Propuesta (RFP),2024-10-29,Activo,This RFP invites proposals for construction and repair projects for FEMA-designated schools in Lajas and Sabana Grande.
CONTRATO PRODUCTOS DE ELABORACION INDUSTRIAL PARA LA REGION EDUCATIVA DE CAGUAS,,,,,,Subasta Formal,2024-10-22,Activo,This formal auction seeks bids for a contract to supply industrially manufactured products for the educational region of Caguas.
CONTRATO: PRODUCTOS DE ELABORACION INDUSTRIAL PARA LA REGION EDUCATIVA DE ARECIBO,,,,,,Subasta Formal,2024-10-22,Activo,This formal auction invites bids for a contract to provide industrially manufactured products for the educational region of Arecibo.
CONTRATO: PRODUCTOS DE ELABORACION INDUSTRIAL PARA LA REGION EDUCATIVA DE HUMACAO,,,,,,Subasta Formal,2024-10-22,Activo,This formal auction seeks bids for a contract to supply industrially manufactured products for the educational region of Humacao.
CONTRATO: PRODUCTOS DE ELABORACIÓN INDUSTRIAL PARA LA REGION EDUCATIVA DE BAYAMON,,,,,,Subasta Formal,2024-10-22,Activo,This formal auction invites bids for a contract to supply industrial products for the educational region of Bayamón.
"Subasta para construcción y desarrollo de propuesta HMP 406 Proyecto de reparaciones estructurales y misceláneas FEMA DR-4473 PW#. 354 57026 - Esc. Santa Teresita FEMA DR-4473 PW#. 544 58511- Esc. Lila M. Mercedes Mayoral Wirshing Municipio de Ponce , PR",,,,,,Solicitud de Propuesta (RFP),2024-10-22,Activo,This RFP seeks proposals for construction and repair projects for FEMA-designated schools in Ponce.
SUBASTA PARA ESTABLECER CONTRATO PARA LA ADQUISICION DE PRODUCTOS DE ELABORACION INDUSTRIAL PARA LA REGION EDUCATIVA DE SAN JUAN,,,,,,Subasta Formal,2024-10-16,Activo,This formal auction invites bids for a contract to supply industrial products for the educational region of San Juan.
SUBASTA PARA ESTABLECER CONTRATO PARA LA ADQUISICION DE PRODUCTOS DE ELABORACION INDUSTRIAL PARA LA REGION EDUCATIVA DE PONCE,,,,,,Subasta Formal,2024-10-16,Activo,This formal auction seeks bids for a contract to supply industrial products for the educational region of Ponce.
Servicios de auditoría externa de “Single Audit” para el Departamento de Educación de Puerto Rico,,,,,,Solicitud de Propuesta (RFP),2024-10-08,Activo,This RFP invites proposals for external audit services to perform a Single Audit for the Puerto Rico Department of Education.
PARA CONTRATAR PROVEEDORES DE SERVICIO DE TRANSPORTACION ESCOLAR PARA SERVIR LAS RUTAS ESTABLECIDAS POR EL DEPARTAMENTO DE EDUCACION DE PUERTO RICO DURANTE EL AÑO ESCOLAR 2025-2026 Y 2026-2027,,,,,,Subasta Formal,2024-10-04,Activo,This formal auction seeks bids to contract school transportation services for routes set by the Puerto Rico Department of Education for the 2025-2026 and 2026-2027 school years.
"SUBASTA PARA ESTABLECER CONTRATO PARA LA ADQUISICION DE: "" JUGO MANZANA PAUSTERIZADO DE 4 ONZAS O SIMILAR Y 6 ONZAS O SIMILAR""",,,,,,Subasta Formal,2024-10-04,Activo,This formal auction invites bids for a contract to supply pasteurized apple juice in 4 and 6 ounce sizes or similar.
SUBASTA PARA ESTABLECER CONTRATO PARA LA ADQUISICION DE JUGO DE FRUTAS PASTEURIZADO DE 4 ONZAS O SIMILAR Y 6 ONZAS O SIMILAR,,,,,,Subasta Formal,2024-10-04,Activo,This formal auction seeks bids for a contract to procure pasteurized fruit juice in 4 and 6 ounce packaging.
PARA ESTABLECER UN CONTRATO ARRENDAMIENTO DE ALMACEN PARA ALIMENTOS Y EQUIPOS EN CANOVANAS PARA LA AUTORIDAD ESCOLAR DE ALIMENTOS DEL DEPARTAMENTO DE EDUCACION,,,,,,Solicitud de Propuesta (RFP),2024-10-02,Activo,This RFP seeks proposals to lease storage facilities for food and equipment for the School Food Authority in Canóvanas.
SUBASTA PARA ESTABLECER CONTRATO PARA LA ADQUISICION DE REDECILLAS (HAIRNETS),,,,,,Subasta Formal,2024-09-26,Activo,This formal auction invites bids for a contract to supply redecillas (hairnets) for institutional or school use.
Para Establecer Contrato para la Adquisicion de Panes y Produstos para Meriendas,,,,,,Subasta Formal,2024-09-23,Activo,This formal auction seeks bids for a contract to procure breads and snacks for school cafeterias.
Petición de Propuestas (RFP) para proveer Servicios Profesionales al programa de educación especial para el servicio de interprete durante el año fiscal 2024-2025,,,,,,Solicitud de Propuesta (RFP),2024-09-20,Activo,This RFP invites proposals for professional interpreting services for the Special Education Program during fiscal year 2024-2025.
Petición de Propuestas (RFP) para proveer servicios relacionados de evaluaciones y terapias al Programa de Educación Especial - año escolar 2024-2025,,,,,,Solicitud de Propuesta (RFP),2024-09-11,Activo,This RFP seeks proposals for evaluation and therapy services to support the Special Education Program for the 2024-2025 school year.
"Solicitud de Propuestas de Servicios Profesionales para el Mantenimiento, Mejoras y Desarrollo de Nuevas Funcionalidades en la Plataforma Mi Portal Especial (MiPE)",,,,,,Solicitud de Propuesta (RFP),2024-09-06,Activo,"This RFP invites proposals for professional services to maintain, improve, and enhance functionalities on the Mi Portal Especial platform."
SERVICIOS EDUCATIVOS A COSTO PUBLICO AL PROGRAMA DE EDUCACION ESPECIAL AÑO FISCAL 2024-2025,,,,,,Solicitud de Propuesta (RFP),2024-09-06,Activo,This RFP solicits cost-effective educational services for the Special Education Program for the fiscal year 2024-2025.
SF (CE) 2024-021 “SUBASTA PARA ESTABLECER CONTRATO PARA LA ADQUISICION DE: ‘’PRODUCTOS DE ELABORACION INDISTRIAL PARA LA REGION EDUCATIVA DE MAYAGUEZ’’.,,,,,,Subasta Formal,2024-08-12,Activo,This formal auction solicits bids for a contract to supply industrial products for the educational region of Mayagüez.
"Subasta para construcción y desarrollo de propuesta HMP 406 Proyecto de reparaciones estructurales y misceláneas FEMA DR-4473 PW# 379 50229 Esc. Héctor I. Rivera Municipio de Adjuntas, PR FEMA DR-4473 PW# 134 52688 Esc. Manuel de la Pila Iglesias Municipio de Ponce, PR",,,,,,Subasta Formal,2024-08-07,Activo,This auction invites proposals for construction and repair projects for FEMA-designated schools in Adjuntas and Ponce.
SUBASTA PARA ESTABLECER CONTRATO DE CANNED BONELESS TURKEY MEAT 6/50 ONZAS O SIMILAR,,,,,,Subasta Formal,2024-08-06,Activo,This formal auction seeks bids for a contract to supply canned boneless turkey meat in 6/50 ounce sizes or similar.
PARA ESTABLECER CONTRATO WHOLE GRAIN SPAGUETTI,,,,,,Subasta Formal,2024-08-05,Activo,This formal auction invites bids for a contract to procure whole grain spaghetti.
PARA ESTABLECER UN CONTRATO ARRENDAMIENTO DE ALMACEN PARA ALIMENTOS Y EQUIPOS EN BAYAMÓN PARA LA AUTORIDAD ESCOLAR DE ALIMENTOS DEL DEPARTAMENTO DE EDUCACIÓN,,,,,,Solicitud de Propuesta (RFP),2024-07-31,Activo,This RFP seeks proposals to lease storage facilities for food and equipment for the School Food Authority in Bayamón.
PARA ESTABLECER UN CONTRATO ARRENDAMIENTO DE ALMACEN PARA ALIMENTOS Y EQUIPOS EN ARECIBO PARA LA AUTORIDAD ESCOLAR DE ALIMENTOS DEL DEPARTAMENTO DE EDUCACION,,,,,,Solicitud de Propuesta (RFP),2024-07-31,Activo,This RFP invites proposals for leasing storage space for food and equipment for the School Food Authority in Arecibo.
"Subasta para construcción y desarrollo de propuesta HMP 406 Proyecto de reparaciones estructurales y misceláneas FEMA DR-4473 PW# 645 53603 Esc. Elvira Vicente Municipio de Yauco, PR",,,,,,Subasta Formal,2024-07-17,Activo,This auction invites proposals for construction and repair projects for a FEMA-designated school in Yauco.
Petición de Propuestas (RFP) para proveer Servicios Educativos para el programa de educación especial durante el año fiscal 2024-2025,,,,,,Solicitud de Propuesta (RFP),2024-07-16,Activo,This RFP seeks proposals for educational services to support the Special Education Program during fiscal year 2024-2025.
Petición de Propuestas (RFP) para proveer servicios relacionados de evaluaciones y terapias al programa de educación especial durante el año fiscal 2024-2025,,,,,,Solicitud de Propuesta (RFP),2024-07-16,Activo,This RFP invites proposals for evaluation and therapy services to support the Special Education Program in fiscal year 2024-2025.
Petición de Propuestas (RFP) para proveer servicios profesionales al programa de educación especial durante el año fiscal 2024-2025,,,,,,Solicitud de Propuesta (RFP),2024-07-15,Activo,This RFP seeks proposals for professional services to support the Special Education Program during fiscal year 2024-2025.
"Subasta para construcción y desarrollo de propuesta HMP 406 Proyecto de reparaciones estructurales y misceláneas FEMA DR-4473 PW# 538 17863 Esc. Antonio Reyes Padilla Municipio de Utuado, PR",,,,,,Subasta Formal,2024-07-12,Activo,This auction invites proposals for construction and repair projects for a FEMA-designated school in Utuado.
Petición de Propuestas (RFP) para proveer servicios profesionales al programa de educación especial durante el año fiscal 2024-2025,,,,,,Solicitud de Propuesta (RFP),2024-07-10,Activo,This RFP invites proposals for professional services to support the Special Education Program during fiscal year 2024-2025.
"Subasta para construcción y desarrollo de propuesta HMP 406 Proyecto de reparaciones estructurales y misceláneas FEMA DR-4473 PW# 446 47571 Esc. Elvira Ruperto Quiles Municipio de Mayagüez, PR",,,,,,Subasta Formal,2024-07-09,Activo,This auction solicits bids for construction and repair projects for a FEMA-designated school in Mayagüez.
"Subasta para construcción y desarrollo de propuesta HMP 406 Proyecto de reparaciones estructurales y misceláneas FEMA DR-4473 PW# 534 13326 Esc. Francisco Jordán Municipio de Utuado, PR",,,,,,Subasta Formal,2024-07-09,Activo,This auction invites proposals for construction and repair projects for a FEMA-designated school in Utuado.
"Subasta para construcción y desarrollo de propuesta HMP 406 Proyecto de reparaciones estructurales y misceláneas FEMA DR-4473 PW# 372 17707 Esc. Dr. Efraín González Tejera Municipio de Utuado, PR",,,,,,Subasta Formal,2024-07-09,Activo,This auction solicits bids for construction and repair projects for a FEMA-designated school in Utuado.
Servicios profesionales por parte de abogados para la Oficina de Asuntos Federales,,,,,,Solicitud de Propuesta (RFP),2024-06-28,Otorgado,This RFP seeks proposals for legal services by attorneys to support the Office of Federal Affairs.
"Subasta para construcción y desarrollo de propuesta HMP 406 Proyecto de reparaciones estructurales y misceláneas FEMA DR-4473 PW# 462 57331 Esc. Inés María Mendoza Municipio de Yauco , PR",,,,,,Subasta Formal,2024-06-27,Activo,This auction invites bids for construction and repair projects for a FEMA-designated school in Yauco.
"Subasta para construcción y desarrollo de propuesta HMP 406 Proyecto de reparaciones estructurales y misceláneas FEMA DR-4473 PW# 380 54619 - Esc. Josefina León Zayas Municipio de Jayuya, PR",,,,,,Subasta Formal,2024-06-25,Activo,This auction solicits bids for construction and repair projects for a FEMA-designated school in Jayuya.
"Subasta para construcción y desarrollo de propuesta HMP 406 Proyecto de reparaciones estructurales y misceláneas FEMA DR-4473 PW# 352 51342 - Esc. Angélica Toro Municipio de Jayuya , PR",,,,,,Subasta Formal,2024-06-25,Activo,This auction invites proposals for construction and repair projects for a FEMA-designated school in Jayuya.
"Subasta para construcción y desarrollo de propuesta HMP 406 Proyecto de reparaciones estructurales y misceláneas FEMA DR-4473 PW# 523 58081 - Esc. Domingo Pietri Ruiz Municipio de Adjuntas, PR",,,,,,Subasta Formal,2024-06-25,Activo,This auction solicits bids for construction and repair projects for a FEMA-designated school in Adjuntas.
